{
  "type": "FeatureCollection",
  "features": [
    {
      "type": "Feature",
      "properties": {
        "name": "國立宜蘭大學",
        "name:en": null,
        "amenity": "university",
        "building": null,
        "operator:type": null,
        "capacity:persons": null,
        "addr:full": null,
        "addr:city": null,
        "source": null,
        "name:zh": null,
        "osm_id": 237330506,
        "osm_type": "ways_poly"
      },
      "geometry": {
        "type": "Polygon",
        "coordinates": [
          [
            [
              121.7426763,
              24.7457311
            ],
            [
              121.7429149,
              24.7456657
            ],
            [
              121.7428795,
              24.7455449
            ],
            [
              121.7444135,
              24.7451022
            ],
            [
              121.7446375,
              24.7450392
            ],
            [
              121.7449157,
              24.7450275
            ],
            [
              121.74544,
              24.7450054
            ],
            [
              121.7467469,
              24.7449504
            ],
            [
              121.7473352,
              24.7449256
            ],
            [
              121.7475572,
              24.7449163
            ],
            [
              121.748253,
              24.744887
            ],
            [
              121.7483012,
              24.7449119
            ],
            [
              121.7483204,
              24.7449523
            ],
            [
              121.7483542,
              24.7450234
            ],
            [
              121.7485302,
              24.7453936
            ],
            [
              121.7491952,
              24.7467932
            ],
            [
              121.7491713,
              24.7468377
            ],
            [
              121.747771,
              24.74722
            ],
            [
              121.7474753,
              24.7473008
            ],
            [
              121.7465988,
              24.7475401
            ],
            [
              121.7458362,
              24.7477483
            ],
            [
              121.7453653,
              24.7478768
            ],
            [
              121.7451874,
              24.7479223
            ],
            [
              121.7446772,
              24.7469249
            ],
            [
              121.7443912,
              24.7470298
            ],
            [
              121.7442392,
              24.7467854
            ],
            [
              121.7440027,
              24.7467899
            ],
            [
              121.7440563,
              24.7470164
            ],
            [
              121.7438579,
              24.7471066
            ],
            [
              121.7437291,
              24.7468703
            ],
            [
              121.7432421,
              24.7469826
            ],
            [
              121.7426763,
              24.7457311
            ]
          ]
        ]
      }
    },
    {
      "type": "Feature",
      "properties": {
        "name": "逢甲大學",
        "name:en": "Feng Chia University",
        "amenity": "university",
        "building": null,
        "operator:type": null,
        "capacity:persons": null,
        "addr:full": "40724臺中市西屯區文華路100號",
        "addr:city": "臺中市",
        "source": null,
        "name:zh": "逢甲大學",
        "osm_id": 117611276,
        "osm_type": "ways_poly"
      },
      "geometry": {
        "type": "Polygon",
        "coordinates": [
          [
            [
              120.6464874,
              24.1818638
            ],
            [
              120.6465258,
              24.1807931
            ],
            [
              120.6465397,
              24.1804269
            ],
            [
              120.6465651,
              24.1796882
            ],
            [
              120.6465756,
              24.1793901
            ],
            [
              120.6465863,
              24.179142
            ],
            [
              120.6466155,
              24.1788369
            ],
            [
              120.6466049,
              24.1786778
            ],
            [
              120.6466035,
              24.1786144
            ],
            [
              120.6465871,
              24.1786161
            ],
            [
              120.6465875,
              24.1785801
            ],
            [
              120.646593,
              24.1784032
            ],
            [
              120.6465972,
              24.1782673
            ],
            [
              120.6465996,
              24.1782358
            ],
            [
              120.6466046,
              24.178106
            ],
            [
              120.6466427,
              24.1781072
            ],
            [
              120.6466622,
              24.1781078
            ],
            [
              120.6466904,
              24.1781089
            ],
            [
              120.6467259,
              24.1781102
            ],
            [
              120.6467321,
              24.1780301
            ],
            [
              120.6469099,
              24.1780277
            ],
            [
              120.6474923,
              24.1780443
            ],
            [
              120.6482029,
              24.1780756
            ],
            [
              120.6490044,
              24.1781067
            ],
            [
              120.6495693,
              24.1781299
            ],
            [
              120.6501463,
              24.1781437
            ],
            [
              120.6501294,
              24.1789474
            ],
            [
              120.6501794,
              24.179671
            ],
            [
              120.6501184,
              24.1819468
            ],
            [
              120.6482472,
              24.1819046
            ],
            [
              120.6464874,
              24.1818638
            ]
          ]
        ]
      }
    },
    {
      "type": "Feature",
      "properties": {
        "name": "朝陽科技大學",
        "name:en": "Chaoyang University of Technology",
        "amenity": "university",
        "building": null,
        "operator:type": null,
        "capacity:persons": null,
        "addr:full": null,
        "addr:city": "臺中市",
        "source": null,
        "name:zh": "朝陽科技大學",
        "osm_id": 177524022,
        "osm_type": "ways_poly"
      },
      "geometry": {
        "type": "Polygon",
        "coordinates": [
          [
            [
              120.712524,
              24.0684347
            ],
            [
              120.7131421,
              24.0682031
            ],
            [
              120.7134375,
              24.0675299
            ],
            [
              120.7134699,
              24.0668955
            ],
            [
              120.7137928,
              24.0668541
            ],
            [
              120.7140318,
              24.0668707
            ],
            [
              120.7147246,
              24.0668458
            ],
            [
              120.7151421,
              24.0667934
            ],
            [
              120.7154204,
              24.0666994
            ],
            [
              120.7157532,
              24.0666248
            ],
            [
              120.7158258,
              24.0663624
            ],
            [
              120.7162948,
              24.0664935
            ],
            [
              120.7161691,
              24.0668104
            ],
            [
              120.7161749,
              24.0669568
            ],
            [
              120.7162505,
              24.0671642
            ],
            [
              120.7167007,
              24.0681144
            ],
            [
              120.7167148,
              24.068243
            ],
            [
              120.7167146,
              24.0683432
            ],
            [
              120.7166773,
              24.0684446
            ],
            [
              120.7159555,
              24.0691192
            ],
            [
              120.7159006,
              24.0691705
            ],
            [
              120.7158824,
              24.0691875
            ],
            [
              120.7157659,
              24.0692924
            ],
            [
              120.7157348,
              24.0693204
            ],
            [
              120.7156663,
              24.0694356
            ],
            [
              120.7156449,
              24.0695801
            ],
            [
              120.7156663,
              24.0697091
            ],
            [
              120.7157334,
              24.0698835
            ],
            [
              120.7157673,
              24.069987
            ],
            [
              120.7157902,
              24.0700827
            ],
            [
              120.7157925,
              24.0702111
            ],
            [
              120.715754,
              24.0704118
            ],
            [
              120.7157428,
              24.0706217
            ],
            [
              120.7158096,
              24.0710941
            ],
            [
              120.7157444,
              24.0710969
            ],
            [
              120.7156424,
              24.0711105
            ],
            [
              120.7155156,
              24.0707733
            ],
            [
              120.7154688,
              24.0707107
            ],
            [
              120.7153252,
              24.0706461
            ],
            [
              120.7151821,
              24.0705817
            ],
            [
              120.7149539,
              24.0706478
            ],
            [
              120.7145853,
              24.0704567
            ],
            [
              120.7141647,
              24.0705771
            ],
            [
              120.7136496,
              24.0701335
            ],
            [
              120.7132285,
              24.069087
            ],
            [
              120.7130836,
              24.069125
            ],
            [
              120.7128143,
              24.0691956
            ],
            [
              120.712524,
              24.0684347
            ]
          ]
        ]
      }
    },
    {
      "type": "Feature",
      "properties": {
        "name": "國立中央大學",
        "name:en": "National Central University",
        "amenity": "university",
        "building": null,
        "operator:type": null,
        "capacity:persons": null,
        "addr:full": "桃園市中壢區中大路300號",
        "addr:city": "桃園市",
        "source": null,
        "name:zh": "國立中央大學",
        "osm_id": 179149377,
        "osm_type": "ways_poly"
      },
      "geometry": {
        "type": "Polygon",
        "coordinates": [
          [
            [
              121.1848596,
              24.9679706
            ],
            [
              121.1850907,
              24.967519
            ],
            [
              121.1858663,
              24.967107
            ],
            [
              121.1874191,
              24.9663054
            ],
            [
              121.1875479,
              24.9663
            ],
            [
              121.1878269,
              24.9662882
            ],
            [
              121.1879173,
              24.9663586
            ],
            [
              121.1889018,
              24.9671255
            ],
            [
              121.1890014,
              24.966615
            ],
            [
              121.1890725,
              24.9665155
            ],
            [
              121.1892921,
              24.9665782
            ],
            [
              121.1895166,
              24.9665742
            ],
            [
              121.1899356,
              24.9663256
            ],
            [
              121.1906209,
              24.9660699
            ],
            [
              121.190832,
              24.9656843
            ],
            [
              121.191121,
              24.9656181
            ],
            [
              121.191003,
              24.9650986
            ],
            [
              121.1928414,
              24.9650565
            ],
            [
              121.1928307,
              24.9655348
            ],
            [
              121.1939733,
              24.9655233
            ],
            [
              121.1939779,
              24.9654984
            ],
            [
              121.1940742,
              24.9654112
            ],
            [
              121.1941475,
              24.9651988
            ],
            [
              121.1946405,
              24.9654198
            ],
            [
              121.1956869,
              24.9654358
            ],
            [
              121.1957802,
              24.9654989
            ],
            [
              121.1964917,
              24.966236
            ],
            [
              121.1966868,
              24.9663097
            ],
            [
              121.1967519,
              24.9668478
            ],
            [
              121.1966868,
              24.9675296
            ],
            [
              121.1964303,
              24.9703899
            ],
            [
              121.1960614,
              24.9708132
            ],
            [
              121.195485,
              24.9713417
            ],
            [
              121.1947735,
              24.9715006
            ],
            [
              121.194182,
              24.9714707
            ],
            [
              121.1941987,
              24.9712025
            ],
            [
              121.192915,
              24.9712028
            ],
            [
              121.1929469,
              24.9716359
            ],
            [
              121.1921966,
              24.9717322
            ],
            [
              121.1914781,
              24.9716038
            ],
            [
              121.1908092,
              24.9714948
            ],
            [
              121.1901509,
              24.9713375
            ],
            [
              121.1898752,
              24.9711315
            ],
            [
              121.1887211,
              24.9699066
            ],
            [
              121.1880911,
              24.969374
            ],
            [
              121.1876377,
              24.9689136
            ],
            [
              121.186616,
              24.9704302
            ],
            [
              121.1850941,
              24.9695878
            ],
            [
              121.185832,
              24.968492
            ],
            [
              121.1860804,
              24.9685568
            ],
            [
              121.1862435,
              24.9683441
            ],
            [
              121.1858648,
              24.968158
            ],
            [
              121.1848596,
              24.9679706
            ]
          ]
        ]
      }
    },
    {
      "type": "Feature",
      "properties": {
        "name": "東海大學",
        "name:en": "Tunghai University",
        "amenity": "university",
        "building": null,
        "operator:type": null,
        "capacity:persons": null,
        "addr:full": "40704臺中市西屯區臺灣大道四段1727號",
        "addr:city": "臺中市",
        "source": null,
        "name:zh": "東海大學",
        "osm_id": 347094469,
        "osm_type": "ways_poly"
      },
      "geometry": {
        "type": "Polygon",
        "coordinates": [
          [
            [
              120.5929113,
              24.1815397
            ],
            [
              120.5931174,
              24.1814811
            ],
            [
              120.5935992,
              24.1812544
            ],
            [
              120.593604,
              24.1812476
            ],
            [
              120.5936258,
              24.1812167
            ],
            [
              120.59368,
              24.18114
            ],
            [
              120.593724,
              24.1810783
            ],
            [
              120.5937451,
              24.1810492
            ],
            [
              120.5938391,
              24.1809254
            ],
            [
              120.5939096,
              24.180841
            ],
            [
              120.5941398,
              24.180557
            ],
            [
              120.5942977,
              24.1803623
            ],
            [
              120.5944503,
              24.180174
            ],
            [
              120.5947342,
              24.1798805
            ],
            [
              120.5950035,
              24.1797392
            ],
            [
              120.5951569,
              24.1796487
            ],
            [
              120.5953416,
              24.1794033
            ],
            [
              120.5953454,
              24.1794003
            ],
            [
              120.5955386,
              24.1792004
            ],
            [
              120.5961352,
              24.178596
            ],
            [
              120.5963318,
              24.1784904
            ],
            [
              120.5965921,
              24.1783278
            ],
            [
              120.5966684,
              24.1782669
            ],
            [
              120.5967652,
              24.1781823
            ],
            [
              120.5968717,
              24.1780892
            ],
            [
              120.597166,
              24.1778319
            ],
            [
              120.5976026,
              24.1775969
            ],
            [
              120.5979474,
              24.1774112
            ],
            [
              120.5982491,
              24.1773059
            ],
            [
              120.5985844,
              24.1772705
            ],
            [
              120.5989224,
              24.1772545
            ],
            [
              120.5994038,
              24.1773402
            ],
            [
              120.5998289,
              24.1773426
            ],
            [
              120.5999914,
              24.1773039
            ],
            [
              120.6003926,
              24.1772601
            ],
            [
              120.6006191,
              24.1772354
            ],
            [
              120.6009517,
              24.1771963
            ],
            [
              120.6015847,
              24.1770861
            ],
            [
              120.6018598,
              24.1768934
            ],
            [
              120.6022018,
              24.1766408
            ],
            [
              120.6025958,
              24.176617
            ],
            [
              120.6028753,
              24.1765801
            ],
            [
              120.6033227,
              24.1764898
            ],
            [
              120.6036128,
              24.1763543
            ],
            [
              120.6040533,
              24.1760633
            ],
            [
              120.6044922,
              24.1757733
            ],
            [
              120.6047648,
              24.1755761
            ],
            [
              120.6049723,
              24.1753265
            ],
            [
              120.6052077,
              24.175172
            ],
            [
              120.6060048,
              24.1749284
            ],
            [
              120.6064238,
              24.1747163
            ],
            [
              120.6069607,
              24.1746886
            ],
            [
              120.6078384,
              24.1747057
            ],
            [
              120.6082796,
              24.1747483
            ],
            [
              120.6092547,
              24.174878
            ],
            [
              120.6096078,
              24.174925
            ],
            [
              120.6104617,
              24.1749742
            ],
            [
              120.6106163,
              24.1748931
            ],
            [
              120.6110532,
              24.1746331
            ],
            [
              120.6114043,
              24.1741631
            ],
            [
              120.6114954,
              24.1739634
            ],
            [
              120.6117237,
              24.1738136
            ],
            [
              120.6120745,
              24.1736598
            ],
            [
              120.6122966,
              24.1735243
            ],
            [
              120.6123717,
              24.1740128
            ],
            [
              120.6128016,
              24.1768092
            ],
            [
              120.6135176,
              24.1808693
            ],
            [
              120.6136494,
              24.1814998
            ],
            [
              120.6138511,
              24.1824642
            ],
            [
              120.6138816,
              24.1826023
            ],
            [
              120.6139454,
              24.1828911
            ],
            [
              120.6140546,
              24.1833858
            ],
            [
              120.6136966,
              24.183614
            ],
            [
              120.6130394,
              24.1838429
            ],
            [
              120.6128289,
              24.1839162
            ],
            [
              120.6127011,
              24.1839607
            ],
            [
              120.6119998,
              24.1841688
            ],
            [
              120.61145,
              24.1842423
            ],
            [
              120.6108816,
              24.1842291
            ],
            [
              120.6102926,
              24.1842056
            ],
            [
              120.6098027,
              24.1841285
            ],
            [
              120.6091074,
              24.1840077
            ],
            [
              120.6092112,
              24.183661
            ],
            [
              120.6087495,
              24.1835563
            ],
            [
              120.6086523,
              24.1839069
            ],
            [
              120.6080035,
              24.1837402
            ],
            [
              120.6078815,
              24.1837102
            ],
            [
              120.6073272,
              24.183574
            ],
            [
              120.6068195,
              24.1834534
            ],
            [
              120.6067396,
              24.1834344
            ],
            [
              120.6058851,
              24.1832128
            ],
            [
              120.6050453,
              24.1830246
            ],
            [
              120.6041313,
              24.1828198
            ],
            [
              120.6033227,
              24.1826431
            ],
            [
              120.6028894,
              24.182541
            ],
            [
              120.6027238,
              24.182502
            ],
            [
              120.6026333,
              24.1824721
            ],
            [
              120.6024024,
              24.1824016
            ],
            [
              120.6023869,
              24.182397
            ],
            [
              120.6023243,
              24.1823814
            ],
            [
              120.6020446,
              24.1823117
            ],
            [
              120.6019701,
              24.1822931
            ],
            [
              120.6008783,
              24.182021
            ],
            [
              120.5994236,
              24.1817664
            ],
            [
              120.5976871,
              24.1817194
            ],
            [
              120.5972011,
              24.1817364
            ],
            [
              120.597104,
              24.1817398
            ],
            [
              120.5968851,
              24.1817474
            ],
            [
              120.5960685,
              24.1818707
            ],
            [
              120.5957259,
              24.1819516
            ],
            [
              120.5952157,
              24.1820567
            ],
            [
              120.5937273,
              24.1825322
            ],
            [
              120.5936907,
              24.182454
            ],
            [
              120.5936803,
              24.1824232
            ],
            [
              120.5935889,
              24.1819901
            ],
            [
              120.593536,
              24.181787
            ],
            [
              120.5934618,
              24.181558
            ],
            [
              120.593256,
              24.1814706
            ],
            [
              120.5929212,
              24.1815699
            ],
            [
              120.5929113,
              24.1815397
            ]
          ]
        ]
      }
    },
    {
      "type": "Feature",
      "properties": {
        "name": "龍華科技大學",
        "name:en": "Lunghwa University of Science and Technology",
        "amenity": "university",
        "building": null,
        "operator:type": null,
        "capacity:persons": null,
        "addr:full": null,
        "addr:city": "桃園市",
        "source": null,
        "name:zh": "龍華科技大學",
        "osm_id": 241489678,
        "osm_type": "ways_poly"
      },
      "geometry": {
        "type": "Polygon",
        "coordinates": [
          [
            [
              121.4003298,
              25.0198299
            ],
            [
              121.4005058,
              25.019142
            ],
            [
              121.4003696,
              25.018997
            ],
            [
              121.4003828,
              25.0187165
            ],
            [
              121.4008707,
              25.018062
            ],
            [
              121.4010499,
              25.0182243
            ],
            [
              121.4013955,
              25.0183343
            ],
            [
              121.4013628,
              25.0183936
            ],
            [
              121.4017597,
              25.0184909
            ],
            [
              121.4019325,
              25.0186687
            ],
            [
              121.4022659,
              25.0187667
            ],
            [
              121.4024613,
              25.0184915
            ],
            [
              121.4025671,
              25.0184218
            ],
            [
              121.4026636,
              25.0183306
            ],
            [
              121.4026941,
              25.0183159
            ],
            [
              121.402748,
              25.0183067
            ],
            [
              121.4027826,
              25.0183196
            ],
            [
              121.402869,
              25.018361
            ],
            [
              121.4029421,
              25.0183592
            ],
            [
              121.4029569,
              25.0184172
            ],
            [
              121.4029862,
              25.0184926
            ],
            [
              121.4031785,
              25.0186435
            ],
            [
              121.4029632,
              25.0189971
            ],
            [
              121.4025684,
              25.0193841
            ],
            [
              121.4022201,
              25.0199565
            ],
            [
              121.4020253,
              25.0202098
            ],
            [
              121.4018161,
              25.0206375
            ],
            [
              121.4015298,
              25.0210682
            ],
            [
              121.4014107,
              25.0209927
            ],
            [
              121.4015205,
              25.020748
            ],
            [
              121.4006473,
              25.0203686
            ],
            [
              121.4003298,
              25.0198299
            ]
          ]
        ]
      }
    },
    {
      "type": "Feature",
      "properties": {
        "name": "長庚大學",
        "name:en": "Chang Gung University",
        "amenity": "university",
        "building": null,
        "operator:type": null,
        "capacity:persons": null,
        "addr:full": "桃園市龜山區文化一路259號",
        "addr:city": "桃園市",
        "source": null,
        "name:zh": "長庚大學",
        "osm_id": 6079670,
        "osm_type": "relations"
      },
      "geometry": {
        "type": "Polygon",
        "coordinates": [
          [
            [
              121.3862859,
              25.0351022
            ],
            [
              121.3863771,
              25.0347863
            ],
            [
              121.3864363,
              25.0346988
            ],
            [
              121.3866414,
              25.0348993
            ],
            [
              121.3871658,
              25.0344995
            ],
            [
              121.3871363,
              25.0340184
            ],
            [
              121.3869807,
              25.03396
            ],
            [
              121.3868464,
              25.033717
            ],
            [
              121.3871143,
              25.0334057
            ],
            [
              121.387329,
              25.0333554
            ],
            [
              121.3886719,
              25.0323244
            ],
            [
              121.3889043,
              25.0317475
            ],
            [
              121.3893677,
              25.03152
            ],
            [
              121.3897999,
              25.0319665
            ],
            [
              121.3905362,
              25.0314292
            ],
            [
              121.3904719,
              25.0313653
            ],
            [
              121.3906706,
              25.030904
            ],
            [
              121.3909671,
              25.030768
            ],
            [
              121.3914926,
              25.0308722
            ],
            [
              121.3919929,
              25.0314545
            ],
            [
              121.3918932,
              25.03152
            ],
            [
              121.3921787,
              25.0318423
            ],
            [
              121.3926398,
              25.0315703
            ],
            [
              121.3933615,
              25.0324873
            ],
            [
              121.3933133,
              25.0329442
            ],
            [
              121.3927446,
              25.033683
            ],
            [
              121.392235,
              25.0344023
            ],
            [
              121.3902073,
              25.0360257
            ],
            [
              121.3903789,
              25.0362833
            ],
            [
              121.3903414,
              25.0363732
            ],
            [
              121.3896721,
              25.036595
            ],
            [
              121.3889748,
              25.0367463
            ],
            [
              121.3880052,
              25.0368057
            ],
            [
              121.3874861,
              25.0366709
            ],
            [
              121.3871656,
              25.0364388
            ],
            [
              121.3862859,
              25.0351022
            ]
          ]
        ]
      }
    },
    {
      "type": "Feature",
      "properties": {
        "name": "國立臺北大學",
        "name:en": "National Taipei University",
        "amenity": "university",
        "building": null,
        "operator:type": null,
        "capacity:persons": null,
        "addr:full": null,
        "addr:city": "新北市",
        "source": null,
        "name:zh": "國立臺北大學",
        "osm_id": 10958940,
        "osm_type": "relations"
      },
      "geometry": {
        "type": "Polygon",
        "coordinates": [
          [
            [
              121.3614975,
              24.9390488
            ],
            [
              121.3615106,
              24.9389554
            ],
            [
              121.3615301,
              24.9388963
            ],
            [
              121.3615848,
              24.9388097
            ],
            [
              121.3619362,
              24.9387207
            ],
            [
              121.3621951,
              24.9387396
            ],
            [
              121.3628736,
              24.9387843
            ],
            [
              121.3629185,
              24.9387898
            ],
            [
              121.3630072,
              24.9388702
            ],
            [
              121.3631638,
              24.9389365
            ],
            [
              121.3634069,
              24.9389651
            ],
            [
              121.3635769,
              24.9389476
            ],
            [
              121.3637283,
              24.9389461
            ],
            [
              121.3638642,
              24.9389392
            ],
            [
              121.3640354,
              24.9389115
            ],
            [
              121.3641878,
              24.9388689
            ],
            [
              121.3645157,
              24.9389171
            ],
            [
              121.3645332,
              24.9389182
            ],
            [
              121.3646446,
              24.9389451
            ],
            [
              121.3650709,
              24.9389799
            ],
            [
              121.3654364,
              24.9390222
            ],
            [
              121.365632,
              24.9390577
            ],
            [
              121.3657652,
              24.9391198
            ],
            [
              121.3658157,
              24.9391474
            ],
            [
              121.3658654,
              24.9391693
            ],
            [
              121.3659254,
              24.9391818
            ],
            [
              121.3659845,
              24.9391841
            ],
            [
              121.3660587,
              24.939179
            ],
            [
              121.3663465,
              24.9391347
            ],
            [
              121.3665374,
              24.9391146
            ],
            [
              121.3669766,
              24.9391041
            ],
            [
              121.3673108,
              24.9390968
            ],
            [
              121.367724,
              24.9390866
            ],
            [
              121.3680343,
              24.9390789
            ],
            [
              121.3681262,
              24.9390782
            ],
            [
              121.3681698,
              24.9390755
            ],
            [
              121.368232,
              24.9393476
            ],
            [
              121.3682414,
              24.9393887
            ],
            [
              121.3682924,
              24.9396152
            ],
            [
              121.3683054,
              24.9396691
            ],
            [
              121.3684087,
              24.9404679
            ],
            [
              121.3685697,
              24.9408439
            ],
            [
              121.3686853,
              24.9410896
            ],
            [
              121.3688871,
              24.9412258
            ],
            [
              121.3701225,
              24.9419328
            ],
            [
              121.3703851,
              24.9420878
            ],
            [
              121.3722782,
              24.9432052
            ],
            [
              121.3739822,
              24.9442144
            ],
            [
              121.3739907,
              24.944283
            ],
            [
              121.3735146,
              24.9448686
            ],
            [
              121.3734205,
              24.944887
            ],
            [
              121.3732507,
              24.9450945
            ],
            [
              121.3732116,
              24.94515
            ],
            [
              121.3731848,
              24.9451901
            ],
            [
              121.3731625,
              24.9452233
            ],
            [
              121.373134,
              24.9452687
            ],
            [
              121.3731056,
              24.9453139
            ],
            [
              121.3730552,
              24.945373
            ],
            [
              121.3730077,
              24.9454288
            ],
            [
              121.3728133,
              24.9456567
            ],
            [
              121.3728502,
              24.9457771
            ],
            [
              121.3715668,
              24.9473847
            ],
            [
              121.3715522,
              24.9474011
            ],
            [
              121.3715017,
              24.9474815
            ],
            [
              121.3714437,
              24.9475861
            ],
            [
              121.3713604,
              24.9476365
            ],
            [
              121.3713161,
              24.9476634
            ],
            [
              121.3703605,
              24.9471522
            ],
            [
              121.3694811,
              24.9465731
            ],
            [
              121.369439,
              24.9465454
            ],
            [
              121.3686136,
              24.9460202
            ],
            [
              121.3679468,
              24.9454874
            ],
            [
              121.3670334,
              24.9448264
            ],
            [
              121.3666996,
              24.9445545
            ],
            [
              121.3665356,
              24.9444208
            ],
            [
              121.3657967,
              24.9438187
            ],
            [
              121.3650714,
              24.9431156
            ],
            [
              121.3649867,
              24.9430272
            ],
            [
              121.3647831,
              24.9429447
            ],
            [
              121.363992,
              24.942024
            ],
            [
              121.3637144,
              24.9417051
            ],
            [
              121.362958,
              24.940951
            ],
            [
              121.3623345,
              24.9402487
            ],
            [
              121.3622713,
              24.9401749
            ],
            [
              121.3617192,
              24.9394101
            ],
            [
              121.3614975,
              24.9390488
            ]
          ]
        ]
      }
    },
    {
      "type": "Feature",
      "properties": {
        "name": "國立中山大學",
        "name:en": "National Sun Yat-sen University",
        "amenity": "university",
        "building": null,
        "operator:type": null,
        "capacity:persons": null,
        "addr:full": null,
        "addr:city": "高雄市",
        "source": null,
        "name:zh": "國立中山大學",
        "osm_id": 8209410,
        "osm_type": "relations"
      },
      "geometry": {
        "type": "Polygon",
        "coordinates": [
          [
            [
              120.2566964,
              22.6209317
            ],
            [
              120.2567406,
              22.6208498
            ],
            [
              120.2610402,
              22.6228512
            ],
            [
              120.2655832,
              22.6216851
            ],
            [
              120.2656263,
              22.6216339
            ],
            [
              120.2655868,
              22.6210955
            ],
            [
              120.2656034,
              22.6210235
            ],
            [
              120.2656454,
              22.6209474
            ],
            [
              120.2657067,
              22.6208895
            ],
            [
              120.2659887,
              22.6206153
            ],
            [
              120.2660465,
              22.6204896
            ],
            [
              120.2660444,
              22.6204159
            ],
            [
              120.2661093,
              22.6199838
            ],
            [
              120.2661616,
              22.619919
            ],
            [
              120.2662015,
              22.6199277
            ],
            [
              120.2662282,
              22.6199335
            ],
            [
              120.2662829,
              22.6199526
            ],
            [
              120.2661534,
              22.6203398
            ],
            [
              120.2660844,
              22.6207064
            ],
            [
              120.2658432,
              22.620929
            ],
            [
              120.2657443,
              22.6211105
            ],
            [
              120.2657355,
              22.6213246
            ],
            [
              120.2657601,
              22.621671
            ],
            [
              120.2657826,
              22.6219869
            ],
            [
              120.2658495,
              22.6222696
            ],
            [
              120.2658644,
              22.6227614
            ],
            [
              120.2660038,
              22.6227548
            ],
            [
              120.266005,
              22.6229017
            ],
            [
              120.2661376,
              22.6229023
            ],
            [
              120.2661547,
              22.6234827
            ],
            [
              120.2663426,
              22.624056
            ],
            [
              120.2664404,
              22.6243545
            ],
            [
              120.2666065,
              22.6245184
            ],
            [
              120.2667252,
              22.6246355
            ],
            [
              120.2668703,
              22.6256118
            ],
            [
              120.2671641,
              22.6258611
            ],
            [
              120.2673947,
              22.626207
            ],
            [
              120.2675349,
              22.6264173
            ],
            [
              120.2684016,
              22.627582
            ],
            [
              120.2691391,
              22.6272172
            ],
            [
              120.2692249,
              22.6269795
            ],
            [
              120.2696406,
              22.626829
            ],
            [
              120.270015,
              22.6267797
            ],
            [
              120.2708477,
              22.6265636
            ],
            [
              120.2709693,
              22.626663
            ],
            [
              120.2710369,
              22.6269479
            ],
            [
              120.2706711,
              22.6272902
            ],
            [
              120.2698903,
              22.6276955
            ],
            [
              120.2697399,
              22.6282337
            ],
            [
              120.2695789,
              22.6285287
            ],
            [
              120.2696039,
              22.6286517
            ],
            [
              120.2695819,
              22.6288787
            ],
            [
              120.2696099,
              22.6290947
            ],
            [
              120.2695449,
              22.6292117
            ],
            [
              120.2695259,
              22.6293007
            ],
            [
              120.2692639,
              22.6294497
            ],
            [
              120.2689849,
              22.6294427
            ],
            [
              120.2687899,
              22.6293767
            ],
            [
              120.2684839,
              22.6294717
            ],
            [
              120.2681639,
              22.6296057
            ],
            [
              120.2680209,
              22.6296277
            ],
            [
              120.2678529,
              22.6296017
            ],
            [
              120.2677329,
              22.6296037
            ],
            [
              120.2676639,
              22.6296337
            ],
            [
              120.2676269,
              22.6296647
            ],
            [
              120.2674859,
              22.6297107
            ],
            [
              120.2673919,
              22.6297067
            ],
            [
              120.2671829,
              22.6297397
            ],
            [
              120.2670899,
              22.6297767
            ],
            [
              120.2669119,
              22.6297797
            ],
            [
              120.2666269,
              22.6297137
            ],
            [
              120.2661829,
              22.6295507
            ],
            [
              120.2658799,
              22.6294337
            ],
            [
              120.2653779,
              22.6293687
            ],
            [
              120.2652469,
              22.6293667
            ],
            [
              120.2651849,
              22.6293917
            ],
            [
              120.2650799,
              22.6294577
            ],
            [
              120.2650289,
              22.6295207
            ],
            [
              120.2650079,
              22.6295617
            ],
            [
              120.2650019,
              22.6296227
            ],
            [
              120.2650149,
              22.6297167
            ],
            [
              120.2650429,
              22.6298157
            ],
            [
              120.2650849,
              22.6298997
            ],
            [
              120.2650009,
              22.6302217
            ],
            [
              120.2648519,
              22.6303577
            ],
            [
              120.2647679,
              22.6304137
            ],
            [
              120.2646999,
              22.6304767
            ],
            [
              120.2646269,
              22.6306117
            ],
            [
              120.2645679,
              22.6306757
            ],
            [
              120.2645099,
              22.6307077
            ],
            [
              120.2644549,
              22.6307637
            ],
            [
              120.2643839,
              22.6308617
            ],
            [
              120.2643319,
              22.6309707
            ],
            [
              120.2642339,
              22.6311117
            ],
            [
              120.2641979,
              22.6312017
            ],
            [
              120.2641489,
              22.6312407
            ],
            [
              120.2638279,
              22.6314537
            ],
            [
              120.2638089,
              22.6314767
            ],
            [
              120.2637819,
              22.6315827
            ],
            [
              120.2636719,
              22.6316727
            ],
            [
              120.2635589,
              22.6318047
            ],
            [
              120.2635409,
              22.6318637
            ],
            [
              120.2635109,
              22.6320527
            ],
            [
              120.2634309,
              22.6322177
            ],
            [
              120.2633869,
              22.6323437
            ],
            [
              120.2633489,
              22.6324187
            ],
            [
              120.2633399,
              22.6324747
            ],
            [
              120.2633019,
              22.6326037
            ],
            [
              120.2632909,
              22.6327487
            ],
            [
              120.2632979,
              22.6328707
            ],
            [
              120.2632319,
              22.6330087
            ],
            [
              120.2631219,
              22.6333327
            ],
            [
              120.2630399,
              22.6334107
            ],
            [
              120.2630199,
              22.6334377
            ],
            [
              120.2629399,
              22.6335037
            ],
            [
              120.2628399,
              22.6335577
            ],
            [
              120.2627809,
              22.6336127
            ],
            [
              120.2627709,
              22.6336347
            ],
            [
              120.2627699,
              22.6336587
            ],
            [
              120.2628179,
              22.6338517
            ],
            [
              120.2627749,
              22.6339607
            ],
            [
              120.2627559,
              22.6340117
            ],
            [
              120.2627149,
              22.6340817
            ],
            [
              120.2626349,
              22.6341207
            ],
            [
              120.2625769,
              22.6341707
            ],
            [
              120.2625299,
              22.6342507
            ],
            [
              120.2624069,
              22.6343677
            ],
            [
              120.2623489,
              22.6344347
            ],
            [
              120.2622479,
              22.6345267
            ],
            [
              120.2621999,
              22.6345527
            ],
            [
              120.2621449,
              22.6345507
            ],
            [
              120.2620349,
              22.6345847
            ],
            [
              120.2619729,
              22.6346067
            ],
            [
              120.2617709,
              22.6346547
            ],
            [
              120.2617139,
              22.6346597
            ],
            [
              120.2616009,
              22.6347387
            ],
            [
              120.2615319,
              22.6348397
            ],
            [
              120.2613919,
              22.6350547
            ],
            [
              120.2613599,
              22.6350997
            ],
            [
              120.2612659,
              22.6352577
            ],
            [
              120.2612429,
              22.6353067
            ],
            [
              120.2611799,
              22.6354097
            ],
            [
              120.2611559,
              22.6354637
            ],
            [
              120.2611319,
              22.6355197
            ],
            [
              120.2610829,
              22.6355687
            ],
            [
              120.2609899,
              22.6356147
            ],
            [
              120.2608749,
              22.6356527
            ],
            [
              120.2607189,
              22.6356717
            ],
            [
              120.259429,
              22.6341071
            ],
            [
              120.2592245,
              22.633913
            ],
            [
              120.2594149,
              22.6335326
            ],
            [
              120.25968,
              22.63291
            ],
            [
              120.2597387,
              22.6325857
            ],
            [
              120.2598964,
              22.6318418
            ],
            [
              120.2600917,
              22.6311671
            ],
            [
              120.2601084,
              22.630952
            ],
            [
              120.260046,
              22.6307035
            ],
            [
              120.2606425,
              22.6307545
            ],
            [
              120.2611057,
              22.6305731
            ],
            [
              120.2615367,
              22.6302033
            ],
            [
              120.2616847,
              22.6297901
            ],
            [
              120.2624101,
              22.6283736
            ],
            [
              120.26279,
              22.627778
            ],
            [
              120.2629328,
              22.6273665
            ],
            [
              120.2630227,
              22.626493
            ],
            [
              120.2629049,
              22.6254027
            ],
            [
              120.2627214,
              22.6247258
            ],
            [
              120.2624733,
              22.6244334
            ],
            [
              120.2622923,
              22.6242673
            ],
            [
              120.2622141,
              22.6241998
            ],
            [
              120.2620328,
              22.6241636
            ],
            [
              120.2618846,
              22.6241059
            ],
            [
              120.2616226,
              22.6241166
            ],
            [
              120.2614734,
              22.6241051
            ],
            [
              120.2616236,
              22.623704
            ],
            [
              120.2619383,
              22.6233869
            ],
            [
              120.2618754,
              22.6233526
            ],
            [
              120.260102,
              22.6225263
            ],
            [
              120.2566964,
              22.6209317
            ]
          ]
        ]
      }
    },
    {
      "type": "Feature",
      "properties": {
        "name": "國立臺北科技大學",
        "name:en": "National Taipei University of Technology",
        "amenity": "university",
        "building": null,
        "operator:type": null,
        "capacity:persons": null,
        "addr:full": "臺北市大安區忠孝東路三段1號",
        "addr:city": "臺北市",
        "source": null,
        "name:zh": "國立臺北科技大學",
        "osm_id": 4790876,
        "osm_type": "relations"
      },
      "geometry": {
        "type": "MultiPolygon",
        "coordinates": [
          [
            [
              [
                121.53311,
                25.0425466
              ],
              [
                121.5332097,
                25.0424864
              ],
              [
                121.5353186,
                25.0421656
              ],
              [
                121.5354425,
                25.042144
              ],
              [
                121.5364378,
                25.0419937
              ],
              [
                121.5364646,
                25.0420484
              ],
              [
                121.5362916,
                25.0428382
              ],
              [
                121.5362245,
                25.0432889
              ],
              [
                121.5361937,
                25.0436802
              ],
              [
                121.535912,
                25.0437701
              ],
              [
                121.5356112,
                25.0438111
              ],
              [
                121.5355902,
                25.0438163
              ],
              [
                121.5353112,
                25.0439256
              ],
              [
                121.534764,
                25.0440252
              ],
              [
                121.5345829,
                25.0440888
              ],
              [
                121.5344462,
                25.0441367
              ],
              [
                121.5341096,
                25.0443554
              ],
              [
                121.5339721,
                25.0443075
              ],
              [
                121.5337888,
                25.0443061
              ],
              [
                121.5336322,
                25.0442144
              ],
              [
                121.5332189,
                25.0442166
              ],
              [
                121.5331224,
                25.0442211
              ],
              [
                121.5331212,
                25.0436133
              ],
              [
                121.5331157,
                25.0428159
              ],
              [
                121.53311,
                25.0425466
              ]
            ]
          ],
          [
            [
              [
                121.5346606,
                25.0415406
              ],
              [
                121.534663,
                25.0414303
              ],
              [
                121.5348474,
                25.0414425
              ],
              [
                121.5349547,
                25.0414504
              ],
              [
                121.5351137,
                25.0414529
              ],
              [
                121.535175,
                25.0418003
              ],
              [
                121.5347152,
                25.0418655
              ],
              [
                121.5346606,
                25.0415406
              ]
            ]
          ],
          [
            [
              [
                121.5369643,
                25.0436781
              ],
              [
                121.5369898,
                25.0433738
              ],
              [
                121.5370093,
                25.0432103
              ],
              [
                121.5370444,
                25.042993
              ],
              [
                121.5370508,
                25.0429944
              ],
              [
                121.5370746,
                25.0429328
              ],
              [
                121.5370572,
                25.0429297
              ],
              [
                121.5371102,
                25.0426933
              ],
              [
                121.5371637,
                25.0425149
              ],
              [
                121.5372034,
                25.0423881
              ],
              [
                121.5372604,
                25.0422222
              ],
              [
                121.5373142,
                25.0420753
              ],
              [
                121.5373773,
                25.0419151
              ],
              [
                121.5377291,
                25.0419152
              ],
              [
                121.5386459,
                25.0419078
              ],
              [
                121.5385279,
                25.0424324
              ],
              [
                121.5384357,
                25.0429018
              ],
              [
                121.5383946,
                25.0431478
              ],
              [
                121.5383591,
                25.0433318
              ],
              [
                121.5382823,
                25.0437392
              ],
              [
                121.5382588,
                25.0437564
              ],
              [
                121.5369826,
                25.0436905
              ],
              [
                121.5369643,
                25.0436781
              ]
            ]
          ]
        ]
      }
    },
    {
      "type": "Feature",
      "properties": {
        "name": "明志科技大學",
        "name:en": "Ming Chi University of Technology",
        "amenity": "university",
        "building": null,
        "operator:type": null,
        "capacity:persons": null,
        "addr:full": null,
        "addr:city": "新北市",
        "source": null,
        "name:zh": "明志科技大學",
        "osm_id": 5456014,
        "osm_type": "relations"
      },
      "geometry": {
        "type": "MultiPolygon",
        "coordinates": [
          [
            [
              [
                121.4174777,
                25.0380579
              ],
              [
                121.4178026,
                25.0378659
              ],
              [
                121.4181365,
                25.0382253
              ],
              [
                121.4194123,
                25.0397722
              ],
              [
                121.4195956,
                25.0399711
              ],
              [
                121.4197444,
                25.0400193
              ],
              [
                121.4199002,
                25.0400115
              ],
              [
                121.4202883,
                25.039992
              ],
              [
                121.4205858,
                25.0398686
              ],
              [
                121.4207228,
                25.0398022
              ],
              [
                121.4209008,
                25.0397271
              ],
              [
                121.4209573,
                25.039709
              ],
              [
                121.4210419,
                25.0397205
              ],
              [
                121.4211847,
                25.0398037
              ],
              [
                121.4212886,
                25.0398884
              ],
              [
                121.4214333,
                25.0400733
              ],
              [
                121.4215645,
                25.0402429
              ],
              [
                121.4216637,
                25.0403287
              ],
              [
                121.4217402,
                25.0403713
              ],
              [
                121.42189,
                25.0404259
              ],
              [
                121.4221486,
                25.0404566
              ],
              [
                121.4222254,
                25.0405299
              ],
              [
                121.4223369,
                25.0406361
              ],
              [
                121.4224287,
                25.040722
              ],
              [
                121.4226369,
                25.040939
              ],
              [
                121.4227498,
                25.0410425
              ],
              [
                121.4227525,
                25.0411569
              ],
              [
                121.4227193,
                25.0414532
              ],
              [
                121.4227224,
                25.0415543
              ],
              [
                121.4224311,
                25.0417501
              ],
              [
                121.4226795,
                25.0422833
              ],
              [
                121.422937,
                25.0425068
              ],
              [
                121.4230121,
                25.0429443
              ],
              [
                121.4233195,
                25.0433235
              ],
              [
                121.42292,
                25.0436718
              ],
              [
                121.4230574,
                25.0438854
              ],
              [
                121.4227225,
                25.0444323
              ],
              [
                121.4225492,
                25.0446304
              ],
              [
                121.4215155,
                25.0450393
              ],
              [
                121.4211882,
                25.0451021
              ],
              [
                121.4205578,
                25.0449708
              ],
              [
                121.4204138,
                25.0445398
              ],
              [
                121.4201309,
                25.0444684
              ],
              [
                121.4199283,
                25.0445462
              ],
              [
                121.4195153,
                25.0435365
              ],
              [
                121.4192271,
                25.0435989
              ],
              [
                121.4191221,
                25.043625
              ],
              [
                121.4191617,
                25.0433852
              ],
              [
                121.419033,
                25.0433489
              ],
              [
                121.4190623,
                25.042868
              ],
              [
                121.4186347,
                25.0428665
              ],
              [
                121.4186653,
                25.042518
              ],
              [
                121.4188325,
                25.0423816
              ],
              [
                121.4188297,
                25.0419865
              ],
              [
                121.4191055,
                25.0418328
              ],
              [
                121.4191159,
                25.0416238
              ],
              [
                121.4183665,
                25.04066
              ],
              [
                121.4186271,
                25.0404222
              ],
              [
                121.4186126,
                25.040319
              ],
              [
                121.4187035,
                25.0401513
              ],
              [
                121.4189764,
                25.0400134
              ],
              [
                121.417662,
                25.0383989
              ],
              [
                121.4174777,
                25.0380579
              ]
            ]
          ],
          [
            [
              [
                121.4211418,
                25.0387484
              ],
              [
                121.4217326,
                25.0384005
              ],
              [
                121.4220432,
                25.0388602
              ],
              [
                121.4226838,
                25.0390148
              ],
              [
                121.4226431,
                25.0392345
              ],
              [
                121.4225705,
                25.0392771
              ],
              [
                121.4226148,
                25.039346
              ],
              [
                121.4224009,
                25.0394267
              ],
              [
                121.4224716,
                25.0395534
              ],
              [
                121.4219531,
                25.039765
              ],
              [
                121.4218574,
                25.0396378
              ],
              [
                121.421465,
                25.0398476
              ],
              [
                121.421343,
                25.0397032
              ],
              [
                121.4213112,
                25.0396621
              ],
              [
                121.4212256,
                25.0395432
              ],
              [
                121.4215837,
                25.0393521
              ],
              [
                121.4211418,
                25.0387484
              ]
            ]
          ]
        ]
      }
    },
    {
      "type": "Feature",
      "properties": {
        "name": "臺北醫學大學",
        "name:en": "Taipei Medical University",
        "amenity": "university",
        "building": null,
        "operator:type": null,
        "capacity:persons": null,
        "addr:full": "11031臺北市信義區吳興街250號",
        "addr:city": "臺北市",
        "source": null,
        "name:zh": "臺北醫學大學",
        "osm_id": 6724277,
        "osm_type": "relations"
      },
      "geometry": {
        "type": "MultiPolygon",
        "coordinates": [
          [
            [
              [
                121.5600319,
                25.0251227
              ],
              [
                121.5612282,
                25.0236571
              ],
              [
                121.561386,
                25.0237599
              ],
              [
                121.5612036,
                25.0240248
              ],
              [
                121.5615795,
                25.0243522
              ],
              [
                121.5617346,
                25.0243271
              ],
              [
                121.5628055,
                25.0251723
              ],
              [
                121.5624439,
                25.0255446
              ],
              [
                121.5625441,
                25.0256381
              ],
              [
                121.5624365,
                25.0257487
              ],
              [
                121.562727,
                25.025974
              ],
              [
                121.5626991,
                25.026021
              ],
              [
                121.562663,
                25.0259995
              ],
              [
                121.5626971,
                25.0259655
              ],
              [
                121.5625077,
                25.0258092
              ],
              [
                121.5624604,
                25.0258562
              ],
              [
                121.5624052,
                25.0258106
              ],
              [
                121.5622334,
                25.0259815
              ],
              [
                121.5622725,
                25.0260137
              ],
              [
                121.5622186,
                25.0260674
              ],
              [
                121.5624777,
                25.0262601
              ],
              [
                121.5624435,
                25.0262966
              ],
              [
                121.5626681,
                25.0264698
              ],
              [
                121.5622688,
                25.0268725
              ],
              [
                121.5600319,
                25.0251227
              ]
            ],
            [
              [
                121.5614373,
                25.0258689
              ],
              [
                121.5616184,
                25.0260097
              ],
              [
                121.56171,
                25.0260809
              ],
              [
                121.5619886,
                25.0262975
              ],
              [
                121.562131,
                25.0263451
              ],
              [
                121.5624918,
                25.0266276
              ],
              [
                121.5626372,
                25.0264747
              ],
              [
                121.5621155,
                25.0260981
              ],
              [
                121.5621381,
                25.026076
              ],
              [
                121.5620846,
                25.0259696
              ],
              [
                121.562056,
                25.0259127
              ],
              [
                121.5616693,
                25.0256043
              ],
              [
                121.5614373,
                25.0258689
              ]
            ],
            [
              [
                121.5616396,
                25.0255335
              ],
              [
                121.5619293,
                25.0257711
              ],
              [
                121.5619398,
                25.0258009
              ],
              [
                121.5619656,
                25.0258385
              ],
              [
                121.5620012,
                25.0258649
              ],
              [
                121.5620441,
                25.0258799
              ],
              [
                121.56209,
                25.0258819
              ],
              [
                121.5621343,
                25.0258707
              ],
              [
                121.5621725,
                25.0258475
              ],
              [
                121.5622008,
                25.0258147
              ],
              [
                121.5622162,
                25.0257755
              ],
              [
                121.5622174,
                25.0257338
              ],
              [
                121.5622027,
                25.0256916
              ],
              [
                121.5621733,
                25.0256561
              ],
              [
                121.5621326,
                25.0256316
              ],
              [
                121.5619254,
                25.025467
              ],
              [
                121.5618433,
                25.0254017
              ],
              [
                121.561792,
                25.0253609
              ],
              [
                121.5616396,
                25.0255335
              ]
            ]
          ],
          [
            [
              [
                121.5604599,
                25.023972
              ],
              [
                121.5607481,
                25.0234537
              ],
              [
                121.5611379,
                25.0236736
              ],
              [
                121.560646,
                25.0242436
              ],
              [
                121.5604599,
                25.023972
              ]
            ]
          ]
        ]
      }
    },
    {
      "type": "Feature",
      "properties": {
        "name": "中原大學",
        "name:en": "Chung Yuan Christian University",
        "amenity": "university",
        "building": null,
        "operator:type": null,
        "capacity:persons": null,
        "addr:full": "32023桃園市中壢區中北路200號",
        "addr:city": "桃園市",
        "source": null,
        "name:zh": "中原大學",
        "osm_id": 8286924,
        "osm_type": "relations"
      },
      "geometry": {
        "type": "MultiPolygon",
        "coordinates": [
          [
            [
              [
                121.2398926,
                24.9579019
              ],
              [
                121.2400911,
                24.9574715
              ],
              [
                121.2401769,
                24.9575007
              ],
              [
                121.2403324,
                24.9571821
              ],
              [
                121.2407366,
                24.9569804
              ],
              [
                121.2415388,
                24.9565802
              ],
              [
                121.2415063,
                24.9560606
              ],
              [
                121.2416852,
                24.955871
              ],
              [
                121.241637,
                24.9558359
              ],
              [
                121.2419941,
                24.9554937
              ],
              [
                121.2421441,
                24.9553792
              ],
              [
                121.2427535,
                24.9549732
              ],
              [
                121.242998,
                24.9551853
              ],
              [
                121.2431234,
                24.9552879
              ],
              [
                121.243235,
                24.9553792
              ],
              [
                121.2433296,
                24.9553711
              ],
              [
                121.2434056,
                24.9553953
              ],
              [
                121.2436396,
                24.9558285
              ],
              [
                121.2436916,
                24.9558586
              ],
              [
                121.2438167,
                24.9557118
              ],
              [
                121.2440861,
                24.955686
              ],
              [
                121.2441278,
                24.9554686
              ],
              [
                121.2444309,
                24.9553762
              ],
              [
                121.2444926,
                24.955381
              ],
              [
                121.2448198,
                24.9552667
              ],
              [
                121.244911,
                24.9554637
              ],
              [
                121.2449927,
                24.9554563
              ],
              [
                121.2450908,
                24.9554262
              ],
              [
                121.2451679,
                24.9554214
              ],
              [
                121.2453101,
                24.9558884
              ],
              [
                121.2453147,
                24.9561499
              ],
              [
                121.2453678,
                24.9562382
              ],
              [
                121.2451781,
                24.9565111
              ],
              [
                121.2451499,
                24.956556
              ],
              [
                121.2451198,
                24.9566039
              ],
              [
                121.2450415,
                24.9566544
              ],
              [
                121.2449256,
                24.9566947
              ],
              [
                121.2447379,
                24.9567388
              ],
              [
                121.2445775,
                24.9568071
              ],
              [
                121.2446559,
                24.9571576
              ],
              [
                121.2447195,
                24.9572213
              ],
              [
                121.2447687,
                24.9572723
              ],
              [
                121.2447902,
                24.9573411
              ],
              [
                121.2447871,
                24.957396
              ],
              [
                121.2447207,
                24.9574436
              ],
              [
                121.2437807,
                24.9581564
              ],
              [
                121.2437486,
                24.9581721
              ],
              [
                121.2434506,
                24.9583177
              ],
              [
                121.2434009,
                24.9581174
              ],
              [
                121.2432489,
                24.9578864
              ],
              [
                121.2430973,
                24.9578019
              ],
              [
                121.2430315,
                24.9577455
              ],
              [
                121.2429797,
                24.9577498
              ],
              [
                121.2429027,
                24.9577543
              ],
              [
                121.2427496,
                24.957764
              ],
              [
                121.241725,
                24.9580377
              ],
              [
                121.2417834,
                24.9582353
              ],
              [
                121.2418918,
                24.9583069
              ],
              [
                121.2420893,
                24.9584499
              ],
              [
                121.2423081,
                24.9585525
              ],
              [
                121.2424943,
                24.958625
              ],
              [
                121.2425962,
                24.9587477
              ],
              [
                121.2426289,
                24.9590078
              ],
              [
                121.2421245,
                24.9591486
              ],
              [
                121.2415586,
                24.9592361
              ],
              [
                121.2402037,
                24.9591976
              ],
              [
                121.2401436,
                24.9583629
              ],
              [
                121.2400883,
                24.9580039
              ],
              [
                121.2399453,
                24.9580766
              ],
              [
                121.2398926,
                24.9579019
              ]
            ]
          ],
          [
            [
              [
                121.2402144,
                24.9593192
              ],
              [
                121.2409149,
                24.9593139
              ],
              [
                121.2417705,
                24.9593018
              ],
              [
                121.2426718,
                24.9591221
              ],
              [
                121.242815,
                24.9603839
              ],
              [
                121.2437213,
                24.9603312
              ],
              [
                121.2440046,
                24.9603244
              ],
              [
                121.2442446,
                24.9603147
              ],
              [
                121.2442091,
                24.9604623
              ],
              [
                121.2441442,
                24.9607243
              ],
              [
                121.2442464,
                24.9607657
              ],
              [
                121.2444781,
                24.9608314
              ],
              [
                121.2445569,
                24.9603553
              ],
              [
                121.2447181,
                24.9603759
              ],
              [
                121.2446558,
                24.9609071
              ],
              [
                121.2448178,
                24.9609022
              ],
              [
                121.2449566,
                24.9609144
              ],
              [
                121.2450548,
                24.9608083
              ],
              [
                121.2450762,
                24.9606949
              ],
              [
                121.2451291,
                24.9605969
              ],
              [
                121.2453082,
                24.9604202
              ],
              [
                121.2453226,
                24.9603831
              ],
              [
                121.2453343,
                24.9603686
              ],
              [
                121.2454916,
                24.9600772
              ],
              [
                121.2455437,
                24.959843
              ],
              [
                121.2453208,
                24.9598049
              ],
              [
                121.2454079,
                24.9587497
              ],
              [
                121.2450976,
                24.9586575
              ],
              [
                121.2450967,
                24.9578681
              ],
              [
                121.2453184,
                24.9577126
              ],
              [
                121.2459146,
                24.9574081
              ],
              [
                121.2460312,
                24.9573485
              ],
              [
                121.2461269,
                24.9572996
              ],
              [
                121.2463047,
                24.9572552
              ],
              [
                121.2464204,
                24.957524
              ],
              [
                121.246652,
                24.9574717
              ],
              [
                121.2465948,
                24.957218
              ],
              [
                121.246704,
                24.9572049
              ],
              [
                121.2467667,
                24.9575041
              ],
              [
                121.2464492,
                24.9575713
              ],
              [
                121.2465977,
                24.958045
              ],
              [
                121.2468623,
                24.9589391
              ],
              [
                121.2463374,
                24.9590089
              ],
              [
                121.2461458,
                24.9589829
              ],
              [
                121.246254,
                24.9593894
              ],
              [
                121.2462126,
                24.9599542
              ],
              [
                121.2462723,
                24.9600665
              ],
              [
                121.2457296,
                24.9606049
              ],
              [
                121.2459628,
                24.9607827
              ],
              [
                121.2458627,
                24.9608796
              ],
              [
                121.2456311,
                24.9607225
              ],
              [
                121.2451107,
                24.9612537
              ],
              [
                121.2449432,
                24.9613958
              ],
              [
                121.2448702,
                24.9614807
              ],
              [
                121.2449557,
                24.961553
              ],
              [
                121.2448461,
                24.9616554
              ],
              [
                121.2449967,
                24.9617771
              ],
              [
                121.2439931,
                24.962785
              ],
              [
                121.2435296,
                24.9623855
              ],
              [
                121.2420303,
                24.9612075
              ],
              [
                121.2402359,
                24.9600743
              ],
              [
                121.2402144,
                24.9593192
              ]
            ]
          ]
        ]
      }
    },
    {
      "type": "Feature",
      "properties": {
        "name": "國立臺灣大學",
        "name:en": "National Taiwan University",
        "amenity": "university",
        "building": null,
        "operator:type": "government",
        "capacity:persons": null,
        "addr:full": "10617臺北市大安區羅斯福路四段1號",
        "addr:city": "臺北市",
        "source": null,
        "name:zh": "國立臺灣大學",
        "osm_id": 4007738,
        "osm_type": "relations"
      },
      "geometry": {
        "type": "MultiPolygon",
        "coordinates": [
          [
            [
              [
                121.5329385,
                25.016331
              ],
              [
                121.5329413,
                25.0163043
              ],
              [
                121.5329547,
                25.0162748
              ],
              [
                121.5329802,
                25.0162487
              ],
              [
                121.5331396,
                25.0160969
              ],
              [
                121.5331957,
                25.016147
              ],
              [
                121.5332566,
                25.016089
              ],
              [
                121.533916,
                25.0154533
              ],
              [
                121.5340289,
                25.0155496
              ],
              [
                121.5340436,
                25.0155354
              ],
              [
                121.5340574,
                25.0155222
              ],
              [
                121.5341291,
                25.0154531
              ],
              [
                121.5341907,
                25.0153938
              ],
              [
                121.5341927,
                25.0153954
              ],
              [
                121.5342151,
                25.0153738
              ],
              [
                121.5342603,
                25.0153303
              ],
              [
                121.5341489,
                25.0152333
              ],
              [
                121.5341757,
                25.015208
              ],
              [
                121.5346904,
                25.0147216
              ],
              [
                121.5347184,
                25.014746
              ],
              [
                121.5347592,
                25.0147815
              ],
              [
                121.5349007,
                25.014648
              ],
              [
                121.5349205,
                25.0146463
              ],
              [
                121.5350821,
                25.0144892
              ],
              [
                121.535064,
                25.0144821
              ],
              [
                121.5350809,
                25.0144484
              ],
              [
                121.5350972,
                25.0144143
              ],
              [
                121.5351116,
                25.0143838
              ],
              [
                121.5351162,
                25.0143731
              ],
              [
                121.535122,
                25.0143584
              ],
              [
                121.5351091,
                25.0143425
              ],
              [
                121.5351066,
                25.0143279
              ],
              [
                121.5351555,
                25.0142814
              ],
              [
                121.5352278,
                25.0142106
              ],
              [
                121.5354956,
                25.0144436
              ],
              [
                121.5355116,
                25.0144503
              ],
              [
                121.5355632,
                25.0144719
              ],
              [
                121.5355429,
                25.014517
              ],
              [
                121.5355676,
                25.0145277
              ],
              [
                121.5355847,
                25.0145347
              ],
              [
                121.5355933,
                25.0145383
              ],
              [
                121.5363408,
                25.0148475
              ],
              [
                121.5364081,
                25.0147761
              ],
              [
                121.5364385,
                25.0147461
              ],
              [
                121.536445,
                25.0147377
              ],
              [
                121.5364452,
                25.0147265
              ],
              [
                121.5364536,
                25.0147266
              ],
              [
                121.5364611,
                25.0147169
              ],
              [
                121.5364893,
                25.0146805
              ],
              [
                121.5365,
                25.0146807
              ],
              [
                121.5366887,
                25.0145026
              ],
              [
                121.5367504,
                25.0143869
              ],
              [
                121.5367235,
                25.0143653
              ],
              [
                121.5366787,
                25.0139743
              ],
              [
                121.5364383,
                25.0140036
              ],
              [
                121.5364266,
                25.0137928
              ],
              [
                121.5364235,
                25.0137364
              ],
              [
                121.5364037,
                25.0137394
              ],
              [
                121.5363796,
                25.0136862
              ],
              [
                121.5363143,
                25.0136533
              ],
              [
                121.53597,
                25.0134803
              ],
              [
                121.5361115,
                25.0133003
              ],
              [
                121.5362131,
                25.0131844
              ],
              [
                121.5369459,
                25.0119295
              ],
              [
                121.5371056,
                25.0116533
              ],
              [
                121.5371624,
                25.0115951
              ],
              [
                121.5373247,
                25.0115824
              ],
              [
                121.5376524,
                25.0118668
              ],
              [
                121.5377687,
                25.0119541
              ],
              [
                121.5383592,
                25.0124437
              ],
              [
                121.5385169,
                25.0125789
              ],
              [
                121.5387575,
                25.0127791
              ],
              [
                121.5393516,
                25.0132733
              ],
              [
                121.5397969,
                25.0136512
              ],
              [
                121.5399936,
                25.0138181
              ],
              [
                121.5400365,
                25.0138554
              ],
              [
                121.5402282,
                25.0140218
              ],
              [
                121.5402497,
                25.0140404
              ],
              [
                121.5404073,
                25.0141691
              ],
              [
                121.5412136,
                25.0148533
              ],
              [
                121.5414174,
                25.0150262
              ],
              [
                121.541452,
                25.0150558
              ],
              [
                121.5424038,
                25.0158814
              ],
              [
                121.5424185,
                25.0159073
              ],
              [
                121.5424296,
                25.0159212
              ],
              [
                121.5424613,
                25.0159456
              ],
              [
                121.5424739,
                25.0159552
              ],
              [
                121.5424845,
                25.0159634
              ],
              [
                121.5424989,
                25.0159744
              ],
              [
                121.5425125,
                25.0159905
              ],
              [
                121.5425261,
                25.0160065
              ],
              [
                121.5428947,
                25.016314
              ],
              [
                121.5429047,
                25.0163049
              ],
              [
                121.5431118,
                25.0164782
              ],
              [
                121.5433587,
                25.0166847
              ],
              [
                121.5435815,
                25.0168723
              ],
              [
                121.5438724,
                25.0171173
              ],
              [
                121.5440472,
                25.0172735
              ],
              [
                121.5442092,
                25.017403
              ],
              [
                121.5442615,
                25.0174466
              ],
              [
                121.5443145,
                25.0174908
              ],
              [
                121.5443578,
                25.0175269
              ],
              [
                121.5443898,
                25.0175535
              ],
              [
                121.5444192,
                25.0175781
              ],
              [
                121.5449155,
                25.0179924
              ],
              [
                121.5449457,
                25.0180176
              ],
              [
                121.5453101,
                25.0183218
              ],
              [
                121.545297,
                25.0183343
              ],
              [
                121.5453951,
                25.0184196
              ],
              [
                121.5455406,
                25.0185461
              ],
              [
                121.5455842,
                25.0185598
              ],
              [
                121.5456387,
                25.0186071
              ],
              [
                121.5456603,
                25.0186258
              ],
              [
                121.5456736,
                25.0186369
              ],
              [
                121.5460147,
                25.0189221
              ],
              [
                121.5460379,
                25.0189415
              ],
              [
                121.5460719,
                25.0189699
              ],
              [
                121.5461443,
                25.0190463
              ],
              [
                121.5461613,
                25.0190823
              ],
              [
                121.5461794,
                25.0191206
              ],
              [
                121.5459232,
                25.0193665
              ],
              [
                121.5456579,
                25.0196216
              ],
              [
                121.5455326,
                25.0197424
              ],
              [
                121.5455175,
                25.019757
              ],
              [
                121.5454924,
                25.0197803
              ],
              [
                121.5454528,
                25.0198546
              ],
              [
                121.5454098,
                25.0198983
              ],
              [
                121.5454015,
                25.0199057
              ],
              [
                121.5453753,
                25.0199279
              ],
              [
                121.5453615,
                25.0199396
              ],
              [
                121.5453508,
                25.0199481
              ],
              [
                121.5453281,
                25.0199272
              ],
              [
                121.5452854,
                25.0199684
              ],
              [
                121.5452811,
                25.0199725
              ],
              [
                121.5452153,
                25.0200344
              ],
              [
                121.5451911,
                25.0200572
              ],
              [
                121.5451655,
                25.0200812
              ],
              [
                121.5449665,
                25.0202685
              ],
              [
                121.5449283,
                25.0203045
              ],
              [
                121.544838,
                25.0203882
              ],
              [
                121.5448155,
                25.0204089
              ],
              [
                121.5447739,
                25.020445
              ],
              [
                121.5447545,
                25.0204612
              ],
              [
                121.5447331,
                25.020479
              ],
              [
                121.5446592,
                25.020534
              ],
              [
                121.5445791,
                25.0205887
              ],
              [
                121.5444437,
                25.020668
              ],
              [
                121.5442988,
                25.0207393
              ],
              [
                121.5442506,
                25.0207588
              ],
              [
                121.5441898,
                25.0207834
              ],
              [
                121.5440564,
                25.0208281
              ],
              [
                121.5439524,
                25.0208539
              ],
              [
                121.5438382,
                25.0208801
              ],
              [
                121.5437349,
                25.0208962
              ],
              [
                121.5436591,
                25.0209056
              ],
              [
                121.5435458,
                25.0209096
              ],
              [
                121.5434761,
                25.0209118
              ],
              [
                121.5431419,
                25.0209223
              ],
              [
                121.5426513,
                25.0209377
              ],
              [
                121.5425546,
                25.0209407
              ],
              [
                121.5418124,
                25.0209639
              ],
              [
                121.5418017,
                25.0209643
              ],
              [
                121.5417735,
                25.0209652
              ],
              [
                121.5416917,
                25.0209677
              ],
              [
                121.5414817,
                25.0209719
              ],
              [
                121.5414816,
                25.020977
              ],
              [
                121.5413196,
                25.0209814
              ],
              [
                121.5413052,
                25.020962
              ],
              [
                121.5412376,
                25.0209633
              ],
              [
                121.541166,
                25.0209673
              ],
              [
                121.5411496,
                25.020985
              ],
              [
                121.5411358,
                25.0209888
              ],
              [
                121.5403694,
                25.0210104
              ],
              [
                121.5395542,
                25.0210383
              ],
              [
                121.5395076,
                25.0210439
              ],
              [
                121.539474,
                25.0210479
              ],
              [
                121.5394679,
                25.0210489
              ],
              [
                121.5394208,
                25.0210563
              ],
              [
                121.5393745,
                25.0210637
              ],
              [
                121.5392633,
                25.0210814
              ],
              [
                121.5392316,
                25.0210864
              ],
              [
                121.5392016,
                25.0210937
              ],
              [
                121.5389697,
                25.0211504
              ],
              [
                121.5388326,
                25.0212056
              ],
              [
                121.5386186,
                25.0212918
              ],
              [
                121.5385877,
                25.0213043
              ],
              [
                121.538559,
                25.0213162
              ],
              [
                121.5382688,
                25.0214814
              ],
              [
                121.538171,
                25.0215488
              ],
              [
                121.5380774,
                25.0216196
              ],
              [
                121.5379783,
                25.0217001
              ],
              [
                121.5378823,
                25.0217782
              ],
              [
                121.5378697,
                25.0217884
              ],
              [
                121.5378575,
                25.0217958
              ],
              [
                121.5378507,
                25.0218001
              ],
              [
                121.5376896,
                25.0219018
              ],
              [
                121.5375414,
                25.0219731
              ],
              [
                121.5374686,
                25.0220031
              ],
              [
                121.5374096,
                25.0220248
              ],
              [
                121.5373302,
                25.0220523
              ],
              [
                121.5372512,
                25.0220763
              ],
              [
                121.5371929,
                25.0220867
              ],
              [
                121.5371948,
                25.0221043
              ],
              [
                121.5371383,
                25.0221128
              ],
              [
                121.5369031,
                25.0221484
              ],
              [
                121.5362719,
                25.0221455
              ],
              [
                121.5362715,
                25.0221245
              ],
              [
                121.536237,
                25.0221242
              ],
              [
                121.5362047,
                25.0221239
              ],
              [
                121.5362048,
                25.0221409
              ],
              [
                121.5361743,
                25.0221409
              ],
              [
                121.5361114,
                25.0221409
              ],
              [
                121.5358832,
                25.0221386
              ],
              [
                121.5357481,
                25.0221397
              ],
              [
                121.5347225,
                25.0221397
              ],
              [
                121.534664,
                25.0221397
              ],
              [
                121.5346264,
                25.0221083
              ],
              [
                121.5346007,
                25.0220867
              ],
              [
                121.5345735,
                25.021953
              ],
              [
                121.5345078,
                25.0216306
              ],
              [
                121.5344973,
                25.0215792
              ],
              [
                121.5344867,
                25.0215269
              ],
              [
                121.5344701,
                25.0214456
              ],
              [
                121.534379,
                25.0210099
              ],
              [
                121.5343681,
                25.0209575
              ],
              [
                121.5343599,
                25.0209182
              ],
              [
                121.5343574,
                25.0209063
              ],
              [
                121.5342854,
                25.0205556
              ],
              [
                121.5342809,
                25.0205335
              ],
              [
                121.5342561,
                25.0204104
              ],
              [
                121.5342546,
                25.020403
              ],
              [
                121.5342486,
                25.0203737
              ],
              [
                121.5341748,
                25.0200077
              ],
              [
                121.5341603,
                25.0199359
              ],
              [
                121.5341563,
                25.019916
              ],
              [
                121.5341042,
                25.0196577
              ],
              [
                121.5341027,
                25.0196505
              ],
              [
                121.5340094,
                25.0192031
              ],
              [
                121.5339945,
                25.0191317
              ],
              [
                121.5339566,
                25.0189496
              ],
              [
                121.5338334,
                25.0183407
              ],
              [
                121.5338259,
                25.0183043
              ],
              [
                121.5338037,
                25.0181965
              ],
              [
                121.5337821,
                25.018092
              ],
              [
                121.5336562,
                25.0174814
              ],
              [
                121.5336438,
                25.0174215
              ],
              [
                121.5336254,
                25.017332
              ],
              [
                121.5335747,
                25.0170868
              ],
              [
                121.5335105,
                25.0170846
              ],
              [
                121.533503,
                25.0170664
              ],
              [
                121.5334841,
                25.0169831
              ],
              [
                121.5334497,
                25.0168962
              ],
              [
                121.5333616,
                25.0167627
              ],
              [
                121.5331005,
                25.0165175
              ],
              [
                121.5329792,
                25.0164003
              ],
              [
                121.5329444,
                25.016354
              ],
              [
                121.5329385,
                25.016331
              ]
            ]
          ],
          [
            [
              [
                121.5403637,
                25.0112505
              ],
              [
                121.5403659,
                25.011186
              ],
              [
                121.5403695,
                25.0110799
              ],
              [
                121.5403857,
                25.0109929
              ],
              [
                121.5406115,
                25.0109973
              ],
              [
                121.5406136,
                25.0109639
              ],
              [
                121.5408567,
                25.0109659
              ],
              [
                121.540937,
                25.0110131
              ],
              [
                121.5409349,
                25.0110898
              ],
              [
                121.5409436,
                25.0111703
              ],
              [
                121.5409375,
                25.0111941
              ],
              [
                121.5409193,
                25.0112653
              ],
              [
                121.5408288,
                25.0112648
              ],
              [
                121.5406077,
                25.0112628
              ],
              [
                121.540586,
                25.0112626
              ],
              [
                121.5405668,
                25.0112623
              ],
              [
                121.5403683,
                25.0112595
              ],
              [
                121.5403686,
                25.0112506
              ],
              [
                121.5403637,
                25.0112505
              ]
            ]
          ],
          [
            [
              [
                121.5427436,
                25.015665
              ],
              [
                121.5431072,
                25.015174
              ],
              [
                121.5443732,
                25.0135639
              ],
              [
                121.5443928,
                25.0136144
              ],
              [
                121.5444381,
                25.013726
              ],
              [
                121.5445035,
                25.0137123
              ],
              [
                121.5445587,
                25.013713
              ],
              [
                121.5445937,
                25.0137183
              ],
              [
                121.5446259,
                25.0137294
              ],
              [
                121.5446734,
                25.0137566
              ],
              [
                121.5447056,
                25.0137813
              ],
              [
                121.5447442,
                25.0137812
              ],
              [
                121.5449945,
                25.0134581
              ],
              [
                121.545008,
                25.0134667
              ],
              [
                121.5450262,
                25.0134434
              ],
              [
                121.5450441,
                25.0134205
              ],
              [
                121.5451464,
                25.0134828
              ],
              [
                121.5449976,
                25.013664
              ],
              [
                121.5449057,
                25.0137728
              ],
              [
                121.5447763,
                25.0139879
              ],
              [
                121.5449641,
                25.0140542
              ],
              [
                121.5452483,
                25.014124
              ],
              [
                121.5453382,
                25.0142498
              ],
              [
                121.5453426,
                25.0143455
              ],
              [
                121.5453449,
                25.0143963
              ],
              [
                121.5453871,
                25.0144844
              ],
              [
                121.5459028,
                25.0148617
              ],
              [
                121.546336,
                25.0145081
              ],
              [
                121.5463876,
                25.0144777
              ],
              [
                121.5464255,
                25.0144598
              ],
              [
                121.5465552,
                25.0144017
              ],
              [
                121.5465304,
                25.0143009
              ],
              [
                121.546564,
                25.0142723
              ],
              [
                121.5466861,
                25.0142324
              ],
              [
                121.5467694,
                25.0142052
              ],
              [
                121.5469175,
                25.0144507
              ],
              [
                121.5471031,
                25.0146977
              ],
              [
                121.5472075,
                25.0148441
              ],
              [
                121.5472411,
                25.0148914
              ],
              [
                121.5472556,
                25.0149117
              ],
              [
                121.5472618,
                25.0149203
              ],
              [
                121.5472855,
                25.0149535
              ],
              [
                121.5471757,
                25.0150305
              ],
              [
                121.5471581,
                25.0150429
              ],
              [
                121.5470842,
                25.0150947
              ],
              [
                121.5470756,
                25.0151007
              ],
              [
                121.5470877,
                25.0151149
              ],
              [
                121.5470597,
                25.0151345
              ],
              [
                121.5470476,
                25.0151204
              ],
              [
                121.546883,
                25.0152358
              ],
              [
                121.5468529,
                25.0152561
              ],
              [
                121.5468172,
                25.0152814
              ],
              [
                121.546534,
                25.0154818
              ],
              [
                121.5464649,
                25.0155308
              ],
              [
                121.5464358,
                25.0155514
              ],
              [
                121.5460811,
                25.0158025
              ],
              [
                121.5460379,
                25.0158331
              ],
              [
                121.5460064,
                25.0158554
              ],
              [
                121.5459727,
                25.0158792
              ],
              [
                121.5459476,
                25.015897
              ],
              [
                121.5457306,
                25.0160503
              ],
              [
                121.5453632,
                25.01631
              ],
              [
                121.5452448,
                25.0163936
              ],
              [
                121.545008,
                25.016561
              ],
              [
                121.5449583,
                25.0165961
              ],
              [
                121.5444085,
                25.0169847
              ],
              [
                121.5443223,
                25.0169119
              ],
              [
                121.5439833,
                25.0166258
              ],
              [
                121.543804,
                25.0164744
              ],
              [
                121.5438256,
                25.0164498
              ],
              [
                121.5438797,
                25.0163714
              ],
              [
                121.5439152,
                25.0163208
              ],
              [
                121.5438958,
                25.0163064
              ],
              [
                121.5439032,
                25.0162974
              ],
              [
                121.5431642,
                25.0158102
              ],
              [
                121.5431408,
                25.0157957
              ],
              [
                121.5430847,
                25.0158695
              ],
              [
                121.5430439,
                25.0159232
              ],
              [
                121.5427436,
                25.015665
              ]
            ]
          ],
          [
            [
              [
                121.5429742,
                25.0132393
              ],
              [
                121.5429879,
                25.0132228
              ],
              [
                121.5433081,
                25.0128372
              ],
              [
                121.5434057,
                25.0127205
              ],
              [
                121.5434157,
                25.0127274
              ],
              [
                121.5434641,
                25.012668
              ],
              [
                121.5434737,
                25.0126562
              ],
              [
                121.5434818,
                25.0126465
              ],
              [
                121.5437918,
                25.0122729
              ],
              [
                121.5438474,
                25.0122071
              ],
              [
                121.5440493,
                25.0119538
              ],
              [
                121.5440675,
                25.0119513
              ],
              [
                121.5441504,
                25.0118538
              ],
              [
                121.5446004,
                25.0122427
              ],
              [
                121.5449393,
                25.0125355
              ],
              [
                121.5447741,
                25.0127489
              ],
              [
                121.5446767,
                25.0128748
              ],
              [
                121.5443828,
                25.0132544
              ],
              [
                121.5443232,
                25.0133313
              ],
              [
                121.54427,
                25.0133999
              ],
              [
                121.5442186,
                25.0134663
              ],
              [
                121.544178,
                25.0135187
              ],
              [
                121.5439177,
                25.0138546
              ],
              [
                121.5438923,
                25.0138595
              ],
              [
                121.5436821,
                25.0137173
              ],
              [
                121.543634,
                25.0136843
              ],
              [
                121.5429742,
                25.0132393
              ]
            ]
          ],
          [
            [
              [
                121.5441547,
                25.0116363
              ],
              [
                121.5443855,
                25.0113399
              ],
              [
                121.5449577,
                25.0114908
              ],
              [
                121.5459041,
                25.0112498
              ],
              [
                121.5459907,
                25.0113079
              ],
              [
                121.5456349,
                25.0117916
              ],
              [
                121.5450818,
                25.0124246
              ],
              [
                121.5443745,
                25.0118166
              ],
              [
                121.5442135,
                25.0116807
              ],
              [
                121.5441547,
                25.0116363
              ]
            ]
          ],
          [
            [
              [
                121.5445766,
                25.0171454
              ],
              [
                121.544778,
                25.016998
              ],
              [
                121.5448383,
                25.0169556
              ],
              [
                121.5448844,
                25.0169231
              ],
              [
                121.5450716,
                25.0167914
              ],
              [
                121.545408,
                25.0165546
              ],
              [
                121.5454796,
                25.0165042
              ],
              [
                121.5455158,
                25.0164785
              ],
              [
                121.5457912,
                25.016283
              ],
              [
                121.545811,
                25.0162689
              ],
              [
                121.5458307,
                25.016255
              ],
              [
                121.5460151,
                25.0161241
              ],
              [
                121.5461284,
                25.016245
              ],
              [
                121.5461294,
                25.0163079
              ],
              [
                121.5461308,
                25.016407
              ],
              [
                121.5461375,
                25.0168589
              ],
              [
                121.5461377,
                25.0168733
              ],
              [
                121.5463006,
                25.0169841
              ],
              [
                121.5464381,
                25.0168869
              ],
              [
                121.5464875,
                25.0168519
              ],
              [
                121.5466958,
                25.0167046
              ],
              [
                121.5471842,
                25.0163593
              ],
              [
                121.5470486,
                25.015779
              ],
              [
                121.5468763,
                25.0155788
              ],
              [
                121.5468426,
                25.0155396
              ],
              [
                121.5469039,
                25.0154965
              ],
              [
                121.5471159,
                25.0153473
              ],
              [
                121.5471304,
                25.0153633
              ],
              [
                121.5471775,
                25.0153299
              ],
              [
                121.5474236,
                25.0151552
              ],
              [
                121.5475529,
                25.0153522
              ],
              [
                121.5476424,
                25.0155162
              ],
              [
                121.5478038,
                25.0159436
              ],
              [
                121.5478503,
                25.0160342
              ],
              [
                121.5478657,
                25.01606
              ],
              [
                121.5478783,
                25.0160811
              ],
              [
                121.5478884,
                25.0160935
              ],
              [
                121.5479274,
                25.0161414
              ],
              [
                121.5479872,
                25.0162007
              ],
              [
                121.5480543,
                25.016251
              ],
              [
                121.5481303,
                25.0162985
              ],
              [
                121.548236,
                25.0163438
              ],
              [
                121.5483084,
                25.0163651
              ],
              [
                121.5483655,
                25.0163859
              ],
              [
                121.5483711,
                25.016388
              ],
              [
                121.5484324,
                25.0164207
              ],
              [
                121.5484954,
                25.0164664
              ],
              [
                121.5485352,
                25.0165027
              ],
              [
                121.5485689,
                25.0165391
              ],
              [
                121.5486949,
                25.016707
              ],
              [
                121.5486978,
                25.0167255
              ],
              [
                121.5486907,
                25.0167424
              ],
              [
                121.5483542,
                25.0170601
              ],
              [
                121.548279,
                25.017131
              ],
              [
                121.5476991,
                25.0176784
              ],
              [
                121.5475884,
                25.0177828
              ],
              [
                121.5475671,
                25.017803
              ],
              [
                121.5475556,
                25.0178137
              ],
              [
                121.5475168,
                25.0178498
              ],
              [
                121.5470187,
                25.018324
              ],
              [
                121.5470054,
                25.0183256
              ],
              [
                121.5465377,
                25.0187307
              ],
              [
                121.5462869,
                25.0185392
              ],
              [
                121.5455519,
                25.0179402
              ],
              [
                121.545538,
                25.0179541
              ],
              [
                121.5454873,
                25.0179114
              ],
              [
                121.5454275,
                25.0178611
              ],
              [
                121.5451658,
                25.017641
              ],
              [
                121.5445766,
                25.0171454
              ]
            ]
          ],
          [
            [
              [
                121.547842,
                25.0131597
              ],
              [
                121.5478464,
                25.013102
              ],
              [
                121.5478672,
                25.013003
              ],
              [
                121.547883,
                25.0129283
              ],
              [
                121.5478893,
                25.0128984
              ],
              [
                121.547905,
                25.0128436
              ],
              [
                121.5479255,
                25.012772
              ],
              [
                121.5479451,
                25.0127229
              ],
              [
                121.5479745,
                25.0126678
              ],
              [
                121.5479877,
                25.0126191
              ],
              [
                121.5479888,
                25.012615
              ],
              [
                121.5479906,
                25.0126087
              ],
              [
                121.5480714,
                25.0126383
              ],
              [
                121.5481649,
                25.0127138
              ],
              [
                121.5481324,
                25.0127851
              ],
              [
                121.5481334,
                25.0128729
              ],
              [
                121.5481196,
                25.0129696
              ],
              [
                121.5480937,
                25.0130208
              ],
              [
                121.5480942,
                25.013058
              ],
              [
                121.5480995,
                25.0132053
              ],
              [
                121.5481022,
                25.0133122
              ],
              [
                121.5481572,
                25.0134623
              ],
              [
                121.5481042,
                25.0134914
              ],
              [
                121.5480885,
                25.0134748
              ],
              [
                121.5479017,
                25.0135264
              ],
              [
                121.5478789,
                25.013405
              ],
              [
                121.5478447,
                25.0132227
              ],
              [
                121.5478437,
                25.0132174
              ],
              [
                121.547842,
                25.0131597
              ]
            ]
          ]
        ]
      }
    },
    {
      "type": "Feature",
      "properties": {
        "name": "國立臺灣科技大學",
        "name:en": "National Taiwan University of Science and Technology",
        "amenity": "university",
        "building": null,
        "operator:type": null,
        "capacity:persons": null,
        "addr:full": "10607臺北市大安區基隆路四段43號",
        "addr:city": "臺北市",
        "source": null,
        "name:zh": "國立臺灣科技大學",
        "osm_id": 5355856,
        "osm_type": "relations"
      },
      "geometry": {
        "type": "MultiPolygon",
        "coordinates": [
          [
            [
              [
                121.539755,
                25.0130179
              ],
              [
                121.5400222,
                25.012692
              ],
              [
                121.5400275,
                25.0126853
              ],
              [
                121.5400724,
                25.0126308
              ],
              [
                121.540132,
                25.0125585
              ],
              [
                121.5401883,
                25.0124889
              ],
              [
                121.5402178,
                25.012453
              ],
              [
                121.5402674,
                25.012394
              ],
              [
                121.5402812,
                25.0123777
              ],
              [
                121.5402863,
                25.0123714
              ],
              [
                121.5410551,
                25.0114306
              ],
              [
                121.5416267,
                25.0118136
              ],
              [
                121.5419104,
                25.0120036
              ],
              [
                121.5431737,
                25.0128463
              ],
              [
                121.5428213,
                25.0132705
              ],
              [
                121.5428818,
                25.0133096
              ],
              [
                121.5438429,
                25.0139522
              ],
              [
                121.5431666,
                25.0148271
              ],
              [
                121.5428647,
                25.0152161
              ],
              [
                121.5426154,
                25.0155345
              ],
              [
                121.5415737,
                25.0146284
              ],
              [
                121.5406598,
                25.0138412
              ],
              [
                121.5406586,
                25.0137973
              ],
              [
                121.5406009,
                25.013748
              ],
              [
                121.5406109,
                25.0137384
              ],
              [
                121.5405857,
                25.0137168
              ],
              [
                121.5405539,
                25.0136897
              ],
              [
                121.5403453,
                25.0135124
              ],
              [
                121.5403372,
                25.0135218
              ],
              [
                121.5397667,
                25.0130396
              ],
              [
                121.539755,
                25.0130179
              ]
            ]
          ],
          [
            [
              [
                121.5415449,
                25.0115918
              ],
              [
                121.5416153,
                25.0115026
              ],
              [
                121.5417149,
                25.0115661
              ],
              [
                121.5417533,
                25.0115178
              ],
              [
                121.5425276,
                25.0118626
              ],
              [
                121.5423204,
                25.0121234
              ],
              [
                121.5417172,
                25.0117099
              ],
              [
                121.5415449,
                25.0115918
              ]
            ]
          ]
        ]
      }
    },
    {
      "type": "Feature",
      "properties": {
        "name": "國立清華大學",
        "name:en": "National Tsing Hua University",
        "amenity": "university",
        "building": null,
        "operator:type": null,
        "capacity:persons": null,
        "addr:full": "新竹市東區光復路101號",
        "addr:city": "新竹市",
        "source": null,
        "name:zh": "國立清華大學",
        "osm_id": 3605515,
        "osm_type": "relations"
      },
      "geometry": {
        "type": "Polygon",
        "coordinates": [
          [
            [
              120.9832401,
              24.7882284
            ],
            [
              120.9840438,
              24.7876603
            ],
            [
              120.9863128,
              24.7872681
            ],
            [
              120.9869679,
              24.7869652
            ],
            [
              120.9877897,
              24.7864404
            ],
            [
              120.9881139,
              24.7862477
            ],
            [
              120.9900075,
              24.7850751
            ],
            [
              120.9902348,
              24.7850037
            ],
            [
              120.9904723,
              24.7849692
            ],
            [
              120.9907646,
              24.784971
            ],
            [
              120.9919325,
              24.7849784
            ],
            [
              120.9918738,
              24.7863315
            ],
            [
              120.9918864,
              24.7871444
            ],
            [
              120.9921309,
              24.7876488
            ],
            [
              120.9924319,
              24.7881307
            ],
            [
              120.9926886,
              24.7886263
            ],
            [
              120.99309,
              24.789115
            ],
            [
              120.9934074,
              24.7892436
            ],
            [
              120.9940429,
              24.7895254
            ],
            [
              120.9941813,
              24.7896582
            ],
            [
              120.9943829,
              24.7897192
            ],
            [
              120.9945521,
              24.789799
            ],
            [
              120.9946263,
              24.789834
            ],
            [
              120.9949042,
              24.7903675
            ],
            [
              120.9955233,
              24.7906731
            ],
            [
              120.9959893,
              24.7906626
            ],
            [
              120.9961851,
              24.7908066
            ],
            [
              120.9964169,
              24.7907274
            ],
            [
              120.9965798,
              24.7910947
            ],
            [
              120.9966566,
              24.7911082
            ],
            [
              120.9967965,
              24.7910666
            ],
            [
              120.9968878,
              24.7910537
            ],
            [
              120.9971641,
              24.7909225
            ],
            [
              120.9972902,
              24.7907262
            ],
            [
              120.9978314,
              24.7903976
            ],
            [
              120.997812,
              24.7906501
            ],
            [
              120.9977671,
              24.7907801
            ],
            [
              120.997733,
              24.7908769
            ],
            [
              120.9974586,
              24.7911439
            ],
            [
              120.9971873,
              24.791439
            ],
            [
              120.9971757,
              24.7915584
            ],
            [
              120.9970867,
              24.7916814
            ],
            [
              120.9969319,
              24.7917271
            ],
            [
              120.9968165,
              24.791716
            ],
            [
              120.9966107,
              24.79172
            ],
            [
              120.9957749,
              24.791836
            ],
            [
              120.9954281,
              24.7919737
            ],
            [
              120.9953182,
              24.7919905
            ],
            [
              120.9951183,
              24.7925484
            ],
            [
              120.9958523,
              24.7931218
            ],
            [
              120.9959832,
              24.7930776
            ],
            [
              120.9961055,
              24.793023
            ],
            [
              120.9962288,
              24.7929861
            ],
            [
              120.9963684,
              24.7930339
            ],
            [
              120.9965351,
              24.7931634
            ],
            [
              120.9966766,
              24.7933247
            ],
            [
              120.9967325,
              24.7934887
            ],
            [
              120.9967036,
              24.7936663
            ],
            [
              120.9966301,
              24.7937982
            ],
            [
              120.9967168,
              24.7939346
            ],
            [
              120.9964505,
              24.7940842
            ],
            [
              120.9973674,
              24.7954834
            ],
            [
              120.9974381,
              24.795484
            ],
            [
              120.9974678,
              24.7954634
            ],
            [
              120.997498,
              24.7954384
            ],
            [
              120.9982429,
              24.7945685
            ],
            [
              120.9989973,
              24.7936882
            ],
            [
              120.9994724,
              24.7931216
            ],
            [
              120.9999689,
              24.7925515
            ],
            [
              121.0003506,
              24.7921687
            ],
            [
              121.0006585,
              24.7919426
            ],
            [
              121.0012213,
              24.7914357
            ],
            [
              121.0025382,
              24.7922568
            ],
            [
              121.0011727,
              24.7932257
            ],
            [
              120.9993124,
              24.7946078
            ],
            [
              120.9978497,
              24.7958592
            ],
            [
              120.9976162,
              24.7960817
            ],
            [
              120.9971624,
              24.796452
            ],
            [
              120.9958025,
              24.7974524
            ],
            [
              120.9957232,
              24.7975108
            ],
            [
              120.9956854,
              24.7975372
            ],
            [
              120.9956354,
              24.7975723
            ],
            [
              120.9955536,
              24.7975812
            ],
            [
              120.9951746,
              24.7970905
            ],
            [
              120.9948108,
              24.7969395
            ],
            [
              120.9946212,
              24.796936
            ],
            [
              120.9941705,
              24.7965886
            ],
            [
              120.993426,
              24.7956737
            ],
            [
              120.9930156,
              24.7959757
            ],
            [
              120.9930967,
              24.7961746
            ],
            [
              120.9929245,
              24.7964871
            ],
            [
              120.9926028,
              24.7968349
            ],
            [
              120.9925511,
              24.796872
            ],
            [
              120.9924366,
              24.796922
            ],
            [
              120.9922987,
              24.7970568
            ],
            [
              120.9921912,
              24.797253
            ],
            [
              120.9922825,
              24.7975034
            ],
            [
              120.9922746,
              24.7975566
            ],
            [
              120.9922595,
              24.7976536
            ],
            [
              120.9922594,
              24.7977483
            ],
            [
              120.9922351,
              24.7977782
            ],
            [
              120.9921817,
              24.7977542
            ],
            [
              120.9920918,
              24.7976962
            ],
            [
              120.9919704,
              24.7976612
            ],
            [
              120.9917929,
              24.7976272
            ],
            [
              120.991703,
              24.7976505
            ],
            [
              120.9916602,
              24.7977217
            ],
            [
              120.9916467,
              24.7978299
            ],
            [
              120.9916249,
              24.7979194
            ],
            [
              120.9915648,
              24.7979657
            ],
            [
              120.9915023,
              24.7980358
            ],
            [
              120.9914009,
              24.7981633
            ],
            [
              120.9913252,
              24.7982875
            ],
            [
              120.991228,
              24.7983721
            ],
            [
              120.9911686,
              24.7983978
            ],
            [
              120.9911052,
              24.7983854
            ],
            [
              120.9910549,
              24.7983532
            ],
            [
              120.9910063,
              24.7983033
            ],
            [
              120.9909552,
              24.7982354
            ],
            [
              120.9908246,
              24.7980618
            ],
            [
              120.9907953,
              24.7980161
            ],
            [
              120.9906773,
              24.7979888
            ],
            [
              120.9905657,
              24.7980052
            ],
            [
              120.990489,
              24.7980199
            ],
            [
              120.9903829,
              24.798067
            ],
            [
              120.9902923,
              24.7981503
            ],
            [
              120.9902149,
              24.7982469
            ],
            [
              120.9901296,
              24.7983132
            ],
            [
              120.9900132,
              24.7981221
            ],
            [
              120.9899713,
              24.7980579
            ],
            [
              120.9899428,
              24.798031
            ],
            [
              120.9899019,
              24.7980038
            ],
            [
              120.9898389,
              24.7979785
            ],
            [
              120.9897072,
              24.7976294
            ],
            [
              120.9897058,
              24.7975223
            ],
            [
              120.9897186,
              24.7972518
            ],
            [
              120.9896173,
              24.7969257
            ],
            [
              120.9893955,
              24.7966464
            ],
            [
              120.9894842,
              24.7958689
            ],
            [
              120.9892389,
              24.7947026
            ],
            [
              120.9891476,
              24.794167
            ],
            [
              120.988491,
              24.793867
            ],
            [
              120.9884169,
              24.7936786
            ],
            [
              120.9884325,
              24.7935602
            ],
            [
              120.988657,
              24.7933835
            ],
            [
              120.9887132,
              24.7933392
            ],
            [
              120.988778,
              24.7932427
            ],
            [
              120.9888526,
              24.7931315
            ],
            [
              120.9888956,
              24.7930674
            ],
            [
              120.9888976,
              24.7930181
            ],
            [
              120.9889049,
              24.7928388
            ],
            [
              120.9888487,
              24.7927948
            ],
            [
              120.9887735,
              24.7927359
            ],
            [
              120.9887081,
              24.7926846
            ],
            [
              120.9886813,
              24.7926135
            ],
            [
              120.9886511,
              24.7925332
            ],
            [
              120.9886923,
              24.7924516
            ],
            [
              120.98874,
              24.7923569
            ],
            [
              120.9887868,
              24.7922642
            ],
            [
              120.9887982,
              24.792077
            ],
            [
              120.9887499,
              24.7920552
            ],
            [
              120.9887416,
              24.792052
            ],
            [
              120.9887372,
              24.7920512
            ],
            [
              120.9887351,
              24.7920508
            ],
            [
              120.9887313,
              24.7920505
            ],
            [
              120.98862,
              24.7920131
            ],
            [
              120.9885523,
              24.7920215
            ],
            [
              120.9884377,
              24.7920357
            ],
            [
              120.9883442,
              24.7920626
            ],
            [
              120.9881404,
              24.7921213
            ],
            [
              120.9881011,
              24.7920657
            ],
            [
              120.9880141,
              24.7919426
            ],
            [
              120.9879694,
              24.7918795
            ],
            [
              120.9878614,
              24.791806
            ],
            [
              120.9878244,
              24.7917808
            ],
            [
              120.9878324,
              24.7916805
            ],
            [
              120.9878446,
              24.7915289
            ],
            [
              120.9878575,
              24.791367
            ],
            [
              120.9876213,
              24.7912043
            ],
            [
              120.9874266,
              24.7908723
            ],
            [
              120.9872799,
              24.7907282
            ],
            [
              120.987266,
              24.7903776
            ],
            [
              120.9872651,
              24.7902644
            ],
            [
              120.9872642,
              24.7901437
            ],
            [
              120.987267,
              24.7900845
            ],
            [
              120.9872717,
              24.7899823
            ],
            [
              120.9872535,
              24.7899327
            ],
            [
              120.9872244,
              24.7898533
            ],
            [
              120.9871994,
              24.7897975
            ],
            [
              120.9871842,
              24.7897636
            ],
            [
              120.9871303,
              24.7896431
            ],
            [
              120.9857414,
              24.7894046
            ],
            [
              120.9832401,
              24.7882284
            ]
          ]
        ]
      }
    },
    {
      "type": "Feature",
      "properties": {
        "name": "東吳大學",
        "name:en": "Soochow University",
        "amenity": "university",
        "building": null,
        "operator:type": null,
        "capacity:persons": null,
        "addr:full": "臺北市士林區臨溪路70號",
        "addr:city": "臺北市",
        "source": null,
        "name:zh": "東吳大學",
        "osm_id": 4628958,
        "osm_type": "relations"
      },
      "geometry": {
        "type": "Polygon",
        "coordinates": [
          [
            [
              121.5421992,
              25.097024
            ],
            [
              121.5423837,
              25.0968141
            ],
            [
              121.5427002,
              25.0965129
            ],
            [
              121.5427029,
              25.0964764
            ],
            [
              121.5431321,
              25.0960684
            ],
            [
              121.5431655,
              25.0960903
            ],
            [
              121.5431989,
              25.0960588
            ],
            [
              121.5432239,
              25.0960353
            ],
            [
              121.5431657,
              25.0959799
            ],
            [
              121.5432835,
              25.0958809
            ],
            [
              121.5440263,
              25.095442
            ],
            [
              121.543655,
              25.0951313
            ],
            [
              121.543575,
              25.094966
            ],
            [
              121.5437451,
              25.094643
            ],
            [
              121.544292,
              25.0940834
            ],
            [
              121.5448499,
              25.0936559
            ],
            [
              121.5456304,
              25.0930742
            ],
            [
              121.5467044,
              25.0924006
            ],
            [
              121.5477451,
              25.0931293
            ],
            [
              121.5483781,
              25.0931487
            ],
            [
              121.5483781,
              25.0945479
            ],
            [
              121.5478149,
              25.0945284
            ],
            [
              121.5468563,
              25.0948753
            ],
            [
              121.5461027,
              25.095266
            ],
            [
              121.5450599,
              25.0958238
            ],
            [
              121.5445415,
              25.095798
            ],
            [
              121.5440455,
              25.095741
            ],
            [
              121.5438559,
              25.0957974
            ],
            [
              121.543508,
              25.0960167
            ],
            [
              121.5424558,
              25.0970449
            ],
            [
              121.5421992,
              25.097024
            ]
          ]
        ]
      }
    },
    {
      "type": "Feature",
      "properties": {
        "name": "南臺科技大學",
        "name:en": "Southern Taiwan University of Science and Technology",
        "amenity": "university",
        "building": null,
        "operator:type": null,
        "capacity:persons": null,
        "addr:full": null,
        "addr:city": "臺南市",
        "source": null,
        "name:zh": "南臺科技大學",
        "osm_id": 6322938,
        "osm_type": "relations"
      },
      "geometry": {
        "type": "Polygon",
        "coordinates": [
          [
            [
              120.222052,
              23.0250451
            ],
            [
              120.2221864,
              23.0240489
            ],
            [
              120.2224205,
              23.024029
            ],
            [
              120.2225687,
              23.023965
            ],
            [
              120.2226058,
              23.0239479
            ],
            [
              120.2227495,
              23.0238201
            ],
            [
              120.222975,
              23.0238769
            ],
            [
              120.2229636,
              23.0239823
            ],
            [
              120.223161,
              23.0240968
            ],
            [
              120.2233645,
              23.0239417
            ],
            [
              120.223516,
              23.0238151
            ],
            [
              120.2236325,
              23.0237079
            ],
            [
              120.223669,
              23.0235857
            ],
            [
              120.2236756,
              23.0234589
            ],
            [
              120.2236721,
              23.0233682
            ],
            [
              120.223654,
              23.0232942
            ],
            [
              120.2235391,
              23.0230187
            ],
            [
              120.2242993,
              23.0226039
            ],
            [
              120.2243155,
              23.0226083
            ],
            [
              120.2243704,
              23.0226232
            ],
            [
              120.2244251,
              23.0225894
            ],
            [
              120.2245262,
              23.022571
            ],
            [
              120.224651,
              23.022459
            ],
            [
              120.2246776,
              23.0223198
            ],
            [
              120.2245474,
              23.0222668
            ],
            [
              120.2242496,
              23.0222545
            ],
            [
              120.224256,
              23.0222371
            ],
            [
              120.2246216,
              23.0207684
            ],
            [
              120.2248072,
              23.0207817
            ],
            [
              120.2249906,
              23.0207554
            ],
            [
              120.22516,
              23.0206923
            ],
            [
              120.2252694,
              23.0208035
            ],
            [
              120.2263767,
              23.0216502
            ],
            [
              120.2265854,
              23.0217858
            ],
            [
              120.2261565,
              23.0228064
            ],
            [
              120.2264222,
              23.0230136
            ],
            [
              120.2267472,
              23.023149
            ],
            [
              120.2266345,
              23.0234385
            ],
            [
              120.2262474,
              23.0234432
            ],
            [
              120.2258764,
              23.0244427
            ],
            [
              120.226217,
              23.0245523
            ],
            [
              120.2268551,
              23.0250656
            ],
            [
              120.2267283,
              23.0252445
            ],
            [
              120.2267302,
              23.0253196
            ],
            [
              120.2265953,
              23.02547
            ],
            [
              120.2264978,
              23.0255732
            ],
            [
              120.2261156,
              23.0255636
            ],
            [
              120.2258776,
              23.0256546
            ],
            [
              120.2255264,
              23.0256599
            ],
            [
              120.2254567,
              23.0256974
            ],
            [
              120.2249751,
              23.0257046
            ],
            [
              120.2247779,
              23.025476
            ],
            [
              120.2245662,
              23.0255598
            ],
            [
              120.2245652,
              23.0257868
            ],
            [
              120.2238802,
              23.025776
            ],
            [
              120.2236921,
              23.0256917
            ],
            [
              120.223079,
              23.0256972
            ],
            [
              120.2229861,
              23.025698
            ],
            [
              120.2222413,
              23.0256898
            ],
            [
              120.2222521,
              23.0254874
            ],
            [
              120.222257,
              23.0250605
            ],
            [
              120.222052,
              23.0250451
            ]
          ]
        ]
      }
    },
    {
      "type": "Feature",
      "properties": {
        "name": "國立雲林科技大學",
        "name:en": "National Yunlin University of Science & Technology",
        "amenity": "university",
        "building": null,
        "operator:type": null,
        "capacity:persons": null,
        "addr:full": "64002雲林縣斗六市大學路3段123號",
        "addr:city": "雲林縣",
        "source": null,
        "name:zh": "國立雲林科技大學",
        "osm_id": 9348317,
        "osm_type": "relations"
      },
      "geometry": {
        "type": "Polygon",
        "coordinates": [
          [
            [
              120.5297915,
              23.6922294
            ],
            [
              120.5298822,
              23.6921809
            ],
            [
              120.5328865,
              23.692973
            ],
            [
              120.5329792,
              23.6904521
            ],
            [
              120.5329349,
              23.6903964
            ],
            [
              120.5327042,
              23.6894224
            ],
            [
              120.5329464,
              23.6893476
            ],
            [
              120.5331398,
              23.6890837
            ],
            [
              120.5331095,
              23.6887665
            ],
            [
              120.5328775,
              23.6885273
            ],
            [
              120.5329042,
              23.6881951
            ],
            [
              120.533693,
              23.6881508
            ],
            [
              120.5345231,
              23.6883577
            ],
            [
              120.535207,
              23.6883405
            ],
            [
              120.5363821,
              23.6883322
            ],
            [
              120.5368386,
              23.6883739
            ],
            [
              120.5383688,
              23.6887035
            ],
            [
              120.5382881,
              23.6905794
            ],
            [
              120.5379124,
              23.6960489
            ],
            [
              120.5378679,
              23.696598
            ],
            [
              120.5377881,
              23.6966395
            ],
            [
              120.5351201,
              23.6961922
            ],
            [
              120.534254,
              23.696047
            ],
            [
              120.5309965,
              23.6955009
            ],
            [
              120.5298867,
              23.6953149
            ],
            [
              120.5297915,
              23.6922294
            ]
          ]
        ]
      }
    },
    {
      "type": "Feature",
      "properties": {
        "name": "國立成功大學",
        "name:en": "National Cheng Kung University",
        "amenity": "university",
        "building": null,
        "operator:type": null,
        "capacity:persons": null,
        "addr:full": null,
        "addr:city": "台南市",
        "source": null,
        "name:zh": "國立成功大學",
        "osm_id": 6038644,
        "osm_type": "relations"
      },
      "geometry": {
        "type": "MultiPolygon",
        "coordinates": [
          [
            [
              [
                120.2137346,
                22.9970667
              ],
              [
                120.2137536,
                22.9970632
              ],
              [
                120.2138018,
                22.9970177
              ],
              [
                120.2148045,
                22.9968666
              ],
              [
                120.2180589,
                22.996376
              ],
              [
                120.2184412,
                23.000776
              ],
              [
                120.2147233,
                23.0012068
              ],
              [
                120.2146635,
                23.0012137
              ],
              [
                120.2146375,
                23.0011037
              ],
              [
                120.2143745,
                22.9999911
              ],
              [
                120.2142904,
                22.9996355
              ],
              [
                120.2142742,
                22.9995669
              ],
              [
                120.2140529,
                22.998631
              ],
              [
                120.2140402,
                22.998577
              ],
              [
                120.2138185,
                22.9976072
              ],
              [
                120.2137346,
                22.9970667
              ]
            ]
          ],
          [
            [
              [
                120.2147655,
                23.0016351
              ],
              [
                120.2156978,
                23.001494
              ],
              [
                120.2161443,
                23.0014396
              ],
              [
                120.2183417,
                23.0012072
              ],
              [
                120.2184762,
                23.001278
              ],
              [
                120.2186082,
                23.003082
              ],
              [
                120.2150404,
                23.003626
              ],
              [
                120.2147655,
                23.0016351
              ]
            ]
          ],
          [
            [
              [
                120.2181018,
                22.9939978
              ],
              [
                120.218102,
                22.9938745
              ],
              [
                120.2188073,
                22.9936231
              ],
              [
                120.21977,
                22.9936152
              ],
              [
                120.2197641,
                22.9935308
              ],
              [
                120.2195751,
                22.9935301
              ],
              [
                120.2195332,
                22.9930855
              ],
              [
                120.2197403,
                22.9930713
              ],
              [
                120.2197106,
                22.9926672
              ],
              [
                120.2194954,
                22.9926806
              ],
              [
                120.2194449,
                22.9923385
              ],
              [
                120.2202916,
                22.9922543
              ],
              [
                120.220311,
                22.9925668
              ],
              [
                120.2209208,
                22.9928213
              ],
              [
                120.2214032,
                22.9928182
              ],
              [
                120.2214073,
                22.9931543
              ],
              [
                120.2213821,
                22.9933406
              ],
              [
                120.2213509,
                22.9935138
              ],
              [
                120.221339,
                22.9937558
              ],
              [
                120.2207373,
                22.9937454
              ],
              [
                120.2207178,
                22.9947024
              ],
              [
                120.2200089,
                22.9947493
              ],
              [
                120.220055,
                22.9960095
              ],
              [
                120.2182445,
                22.9961156
              ],
              [
                120.2181979,
                22.9950698
              ],
              [
                120.2181666,
                22.9950436
              ],
              [
                120.2181558,
                22.9944375
              ],
              [
                120.2181018,
                22.9939978
              ]
            ]
          ],
          [
            [
              [
                120.218293,
                22.9963641
              ],
              [
                120.2218209,
                22.9961265
              ],
              [
                120.2221714,
                23.0005365
              ],
              [
                120.2186435,
                23.0007741
              ],
              [
                120.218293,
                22.9963641
              ]
            ]
          ],
          [
            [
              [
                120.2186723,
                23.001162
              ],
              [
                120.2222018,
                23.0009699
              ],
              [
                120.2223046,
                23.0025052
              ],
              [
                120.2205124,
                23.0028033
              ],
              [
                120.2187545,
                23.0030887
              ],
              [
                120.2186723,
                23.001162
              ]
            ]
          ],
          [
            [
              [
                120.221913,
                22.9943361
              ],
              [
                120.2238155,
                22.9942057
              ],
              [
                120.2243118,
                23.0003417
              ],
              [
                120.2224092,
                23.0004721
              ],
              [
                120.221913,
                22.9943361
              ]
            ]
          ],
          [
            [
              [
                120.2223268,
                22.9936656
              ],
              [
                120.2224286,
                22.9929445
              ],
              [
                120.2225247,
                22.9926992
              ],
              [
                120.2226405,
                22.9923458
              ],
              [
                120.2230588,
                22.9923143
              ],
              [
                120.2231431,
                22.9923046
              ],
              [
                120.223622,
                22.9922554
              ],
              [
                120.2237194,
                22.9934842
              ],
              [
                120.2236617,
                22.9935272
              ],
              [
                120.222988,
                22.9935729
              ],
              [
                120.2227338,
                22.993634
              ],
              [
                120.2226592,
                22.993652
              ],
              [
                120.2226275,
                22.9936596
              ],
              [
                120.2223747,
                22.9937129
              ],
              [
                120.2223268,
                22.9936656
              ]
            ]
          ],
          [
            [
              [
                120.2224687,
                23.0008964
              ],
              [
                120.22432,
                23.0007721
              ],
              [
                120.2244423,
                23.0021834
              ],
              [
                120.2225811,
                23.0024613
              ],
              [
                120.2224687,
                23.0008964
              ]
            ]
          ]
        ]
      }
    },
    { "type": "Feature", "properties": { "name": "國立政治大學", "name:en": null, "amenity": "university", "building": null, "operator:type": null, "capacity:persons": null, "addr:full": null, "addr:city": null, "source": null, "name:zh": null, "osm_id": 18112002, "osm_type": "relations" }, "geometry": { "type": "MultiPolygon", "coordinates": [ [ [ [ 121.5731436, 24.9860071 ], [ 121.5731874, 24.9850068 ], [ 121.573291, 24.9846674 ], [ 121.5735653, 24.9843998 ], [ 121.5739547, 24.9842658 ], [ 121.5743009, 24.9842667 ], [ 121.5745622, 24.9844386 ], [ 121.5752977, 24.9848831 ], [ 121.5759897, 24.9852988 ], [ 121.5762843, 24.9853938 ], [ 121.576652, 24.9853867 ], [ 121.5768596, 24.9853687 ], [ 121.5770356, 24.9852881 ], [ 121.5772669, 24.9851053 ], [ 121.5776959, 24.9850085 ], [ 121.5781349, 24.9851358 ], [ 121.5788229, 24.9853884 ], [ 121.5797646, 24.9854913 ], [ 121.5797486, 24.9855787 ], [ 121.57942, 24.9859709 ], [ 121.5788562, 24.9864803 ], [ 121.5783346, 24.9867579 ], [ 121.5784149, 24.9868571 ], [ 121.5784597, 24.9869498 ], [ 121.5783127, 24.9870353 ], [ 121.5778544, 24.9871934 ], [ 121.5773354, 24.9873087 ], [ 121.5762105, 24.9875304 ], [ 121.5761036, 24.9874498 ], [ 121.5759692, 24.9874733 ], [ 121.5758938, 24.9875989 ], [ 121.5757001, 24.9876303 ], [ 121.5756529, 24.9874052 ], [ 121.5752665, 24.9874741 ], [ 121.5748718, 24.9876399 ], [ 121.5748944, 24.9877703 ], [ 121.5748246, 24.9877833 ], [ 121.5747588, 24.9875114 ], [ 121.5745409, 24.9875542 ], [ 121.574522, 24.9876797 ], [ 121.5743029, 24.9876867 ], [ 121.5740559, 24.9876567 ], [ 121.5740265, 24.9879231 ], [ 121.5740021, 24.987928 ], [ 121.5739247, 24.9879433 ], [ 121.5738664, 24.9876467 ], [ 121.5737996, 24.9876472 ], [ 121.5735155, 24.9876911 ], [ 121.5735007, 24.9876892 ], [ 121.5733461, 24.9876018 ], [ 121.5732272, 24.9875147 ], [ 121.5732419, 24.9873751 ], [ 121.5732372, 24.987304 ], [ 121.5731735, 24.9870542 ], [ 121.5731574, 24.9869357 ], [ 121.5731526, 24.9868389 ], [ 121.5731436, 24.9860071 ] ] ], [ [ [ 121.5777477, 24.987394 ], [ 121.5778905, 24.9873674 ], [ 121.5778736, 24.9872928 ], [ 121.5780047, 24.9872684 ], [ 121.5780395, 24.9874218 ], [ 121.577945, 24.9874394 ], [ 121.5779522, 24.9874712 ], [ 121.5777728, 24.9875046 ], [ 121.5777477, 24.987394 ] ] ] ] } },
    { "type": "Feature", "properties": { "name": "國立臺灣師範大學", "name:en": "National Taiwan Normal University Linkou Campus", "amenity": "university", "building": null, "operator:type": null, "capacity:persons": null, "addr:full": null, "addr:city": "新北市", "source": null, "name:zh": "國立臺灣師範大學林口校區", "osm_id": 263810323, "osm_type": "ways_poly" }, "geometry": { "type": "Polygon", "coordinates": [ [ [ 121.3974874, 25.067857 ], [ 121.3976979, 25.0674104 ], [ 121.3978784, 25.0672598 ], [ 121.3981864, 25.0671168 ], [ 121.3984765, 25.0670246 ], [ 121.3988715, 25.0668635 ], [ 121.3994647, 25.0664482 ], [ 121.3995246, 25.0664412 ], [ 121.3998546, 25.0670922 ], [ 121.4007042, 25.0669941 ], [ 121.4012722, 25.0666905 ], [ 121.4015384, 25.0665132 ], [ 121.4023048, 25.0663805 ], [ 121.4026411, 25.066428 ], [ 121.4027566, 25.0669196 ], [ 121.402877, 25.0680643 ], [ 121.4032669, 25.0680353 ], [ 121.4039712, 25.0681026 ], [ 121.4040774, 25.0678558 ], [ 121.4044251, 25.0678429 ], [ 121.4045162, 25.0678534 ], [ 121.4045886, 25.0678555 ], [ 121.4046594, 25.0679122 ], [ 121.4048793, 25.0680093 ], [ 121.4053299, 25.068126 ], [ 121.4057199, 25.0682529 ], [ 121.4059605, 25.0684613 ], [ 121.4061269, 25.0685222 ], [ 121.4063357, 25.0686696 ], [ 121.40641, 25.0689421 ], [ 121.4063251, 25.0691569 ], [ 121.4061764, 25.0693685 ], [ 121.4058682, 25.0701991 ], [ 121.4054161, 25.0703258 ], [ 121.4043995, 25.0701145 ], [ 121.4036678, 25.0699102 ], [ 121.4032845, 25.0702938 ], [ 121.4029334, 25.0706288 ], [ 121.4026341, 25.0709528 ], [ 121.4023364, 25.0710022 ], [ 121.401919, 25.0709376 ], [ 121.4020069, 25.0703776 ], [ 121.4019932, 25.0702863 ], [ 121.4018686, 25.0702628 ], [ 121.4020181, 25.0699963 ], [ 121.401467, 25.0699878 ], [ 121.4013613, 25.0701167 ], [ 121.401031, 25.0701162 ], [ 121.4009604, 25.0699799 ], [ 121.400624, 25.0694346 ], [ 121.4005391, 25.06911 ], [ 121.4000922, 25.0686719 ], [ 121.3997592, 25.0683808 ], [ 121.3996035, 25.0681051 ], [ 121.3989876, 25.0678871 ], [ 121.3985628, 25.0678222 ], [ 121.3984391, 25.0678033 ], [ 121.3983336, 25.0677872 ], [ 121.3980978, 25.067947 ], [ 121.3976792, 25.0679491 ], [ 121.397675, 25.0678618 ], [ 121.3974874, 25.067857 ] ] ] } },
    { "type": "Feature", "properties": { "name": "國立高雄科技大學", "name:en": "National Kaohsiung University of Science and Technology (Jiangong Campus)", "amenity": "university", "building": null, "operator:type": null, "capacity:persons": null, "addr:full": null, "addr:city": "高雄市", "source": null, "name:zh": "國立高雄科技大學建工校區", "osm_id": 7961309, "osm_type": "relations" }, "geometry": { "type": "Polygon", "coordinates": [ [ [ 120.327406, 22.6511925 ], [ 120.3274096, 22.6510364 ], [ 120.3274322, 22.6500438 ], [ 120.3274283, 22.6502091 ], [ 120.3274352, 22.6499094 ], [ 120.3274423, 22.6495798 ], [ 120.327449, 22.6492584 ], [ 120.3274652, 22.6485756 ], [ 120.3274666, 22.6485333 ], [ 120.3277809, 22.6485412 ], [ 120.3278166, 22.6466975 ], [ 120.3281134, 22.6466962 ], [ 120.3293714, 22.6467214 ], [ 120.32937, 22.6467679 ], [ 120.3293441, 22.6471694 ], [ 120.3293509, 22.6486333 ], [ 120.3293399, 22.649162 ], [ 120.3293167, 22.6496745 ], [ 120.329303, 22.6507913 ], [ 120.3293167, 22.6517252 ], [ 120.3289779, 22.6519587 ], [ 120.3288995, 22.651975 ], [ 120.3288422, 22.6519499 ], [ 120.3288482, 22.6518187 ], [ 120.3287538, 22.6518136 ], [ 120.3286801, 22.6517849 ], [ 120.3286198, 22.6518305 ], [ 120.3285899, 22.651761 ], [ 120.327406, 22.6511925 ] ] ] } },
    { "type": "Feature", "properties": { "name": "大同大學", "name:en": "Tatung University", "amenity": "university", "building": null, "operator:type": null, "capacity:persons": null, "addr:full": "台北市中山區中山北路三段40號", "addr:city": "台北市", "source": null, "name:zh": "私立大同大學", "osm_id": 211853511, "osm_type": "ways_poly" }, "geometry": { "type": "Polygon", "coordinates": [ [ [ 121.5196437, 25.0665575 ], [ 121.5207472, 25.0669675 ], [ 121.5207612, 25.0669305 ], [ 121.5211811, 25.0660765 ], [ 121.5212399, 25.0659132 ], [ 121.5212546, 25.0658792 ], [ 121.5213151, 25.065739 ], [ 121.5217554, 25.0658575 ], [ 121.5220251, 25.0659605 ], [ 121.5221042, 25.0659916 ], [ 121.5222499, 25.0668713 ], [ 121.5223893, 25.0674192 ], [ 121.5224033, 25.0674491 ], [ 121.5225122, 25.0678863 ], [ 121.5225207, 25.0679193 ], [ 121.5225776, 25.0680992 ], [ 121.5221406, 25.0681879 ], [ 121.5221402, 25.0683661 ], [ 121.5217732, 25.0683769 ], [ 121.5199464, 25.0683874 ], [ 121.5199224, 25.06838 ], [ 121.5196437, 25.0665575 ] ] ] } },
    { "type": "Feature", "properties": { "name": "國立陽明交通大學", "name:en": "Yang Ming Chiao Tung University, Hsinzhu Guangfu Campus", "amenity": "university", "building": null, "operator:type": null, "capacity:persons": null, "addr:full": null, "addr:city": "新竹市", "source": null, "name:zh": "陽明交大新竹光復校區", "osm_id": 3605537, "osm_type": "relations" }, "geometry": { "type": "Polygon", "coordinates": [ [ [ 120.9922191, 24.7869854 ], [ 120.9922237, 24.7865499 ], [ 120.9925426, 24.7862918 ], [ 120.9928765, 24.7861266 ], [ 120.9930284, 24.7860176 ], [ 120.9930125, 24.7856936 ], [ 120.9929542, 24.7853616 ], [ 120.9933923, 24.784842 ], [ 120.9931943, 24.7845329 ], [ 120.9934344, 24.7842812 ], [ 120.993711, 24.7840288 ], [ 120.9939307, 24.7838864 ], [ 120.9942438, 24.7838336 ], [ 120.994899, 24.7838662 ], [ 120.9953396, 24.783888 ], [ 120.995502, 24.783896 ], [ 120.9956456, 24.7838952 ], [ 120.9957687, 24.7838768 ], [ 120.9958394, 24.783854 ], [ 120.9958768, 24.7838419 ], [ 120.9960128, 24.7837869 ], [ 120.9964103, 24.7835625 ], [ 120.9969742, 24.7832153 ], [ 120.9971586, 24.7831081 ], [ 120.9973078, 24.7830479 ], [ 120.9975502, 24.7829839 ], [ 120.9984977, 24.7827801 ], [ 120.9985512, 24.783044 ], [ 120.9986577, 24.7831397 ], [ 120.9988423, 24.7833179 ], [ 120.9990357, 24.7834722 ], [ 120.9991549, 24.7835203 ], [ 120.9992203, 24.7835467 ], [ 120.9993053, 24.7835655 ], [ 120.9994534, 24.7835984 ], [ 120.9994723, 24.7836026 ], [ 120.9996656, 24.7836204 ], [ 120.9997038, 24.7836239 ], [ 120.9998955, 24.7836168 ], [ 120.9999206, 24.7836159 ], [ 121.000079, 24.7836062 ], [ 121.0001375, 24.7836026 ], [ 121.0002352, 24.7836231 ], [ 121.0002898, 24.7836345 ], [ 121.0003217, 24.783658 ], [ 121.0003982, 24.7837143 ], [ 121.0004451, 24.7838766 ], [ 121.0005506, 24.7841426 ], [ 121.0010663, 24.7852546 ], [ 121.0012128, 24.7854648 ], [ 121.0013564, 24.785635 ], [ 121.0015469, 24.7858558 ], [ 121.0017549, 24.786034 ], [ 121.0018516, 24.7861112 ], [ 121.0019952, 24.786207 ], [ 121.002086, 24.7862868 ], [ 121.0023582, 24.7870106 ], [ 121.0023406, 24.7870698 ], [ 121.0022826, 24.7871243 ], [ 121.0021935, 24.7871751 ], [ 121.0021003, 24.7872165 ], [ 121.0020298, 24.7872541 ], [ 121.0019971, 24.7873229 ], [ 121.0020008, 24.7873858 ], [ 121.0020174, 24.7874704 ], [ 121.00208, 24.7877003 ], [ 121.0020857, 24.7877974 ], [ 121.0020588, 24.7879032 ], [ 121.0020149, 24.7880007 ], [ 121.0019696, 24.788084 ], [ 121.0018913, 24.7881803 ], [ 121.001815, 24.7882366 ], [ 121.0017609, 24.7882864 ], [ 121.0017276, 24.7883149 ], [ 121.0016859, 24.7883485 ], [ 121.0016502, 24.7883999 ], [ 121.00161, 24.7884481 ], [ 121.0015272, 24.7885922 ], [ 121.0013738, 24.7887743 ], [ 121.0012276, 24.7889176 ], [ 121.0010975, 24.7890354 ], [ 121.0009255, 24.7891634 ], [ 121.0007391, 24.7892879 ], [ 121.0005884, 24.789235 ], [ 121.0000615, 24.7893011 ], [ 120.9998293, 24.7894382 ], [ 120.9995837, 24.7895342 ], [ 120.9994314, 24.7894814 ], [ 120.9990894, 24.7891237 ], [ 120.9987768, 24.7888316 ], [ 120.9983196, 24.789052 ], [ 120.9985528, 24.7895222 ], [ 120.9983954, 24.7897258 ], [ 120.9982187, 24.7897483 ], [ 120.9979855, 24.7897515 ], [ 120.9979025, 24.7899742 ], [ 120.9977683, 24.7900672 ], [ 120.9975046, 24.7904716 ], [ 120.9973002, 24.7906504 ], [ 120.9970944, 24.7908998 ], [ 120.9966197, 24.790985 ], [ 120.996438, 24.7905833 ], [ 120.9957729, 24.7905993 ], [ 120.9949729, 24.7902135 ], [ 120.9948323, 24.7901178 ], [ 120.9946263, 24.789834 ], [ 120.9945521, 24.789799 ], [ 120.9942848, 24.7896699 ], [ 120.9941595, 24.7896107 ], [ 120.994041, 24.7895047 ], [ 120.9936009, 24.7891994 ], [ 120.9933688, 24.7889851 ], [ 120.9933636, 24.7888725 ], [ 120.9933155, 24.78872 ], [ 120.9932941, 24.7885263 ], [ 120.9932822, 24.7883051 ], [ 120.9931617, 24.788196 ], [ 120.9928545, 24.7880132 ], [ 120.992562, 24.7878427 ], [ 120.9924185, 24.7876813 ], [ 120.9923832, 24.7874484 ], [ 120.9922191, 24.7869854 ] ] ] } }
  ]
}